-- MySQL dump 10.13  Distrib 8.0.15, for Linux (x86_64)
--
-- Host: localhost    Database: typing
-- ------------------------------------------------------
-- Server version	8.0.15

/*!40101 SET @OLD_CHARACTER_SET_CLIENT=@@CHARACTER_SET_CLIENT */;
/*!40101 SET @OLD_CHARACTER_SET_RESULTS=@@CHARACTER_SET_RESULTS */;
/*!40101 SET @OLD_COLLATION_CONNECTION=@@COLLATION_CONNECTION */;
 SET NAMES utf8mb4 ;
/*!40103 SET @OLD_TIME_ZONE=@@TIME_ZONE */;
/*!40103 SET TIME_ZONE='+00:00' */;
/*!40014 SET @OLD_UNIQUE_CHECKS=@@UNIQUE_CHECKS, UNIQUE_CHECKS=0 */;
/*!40014 SET @OLD_FOREIGN_KEY_CHECKS=@@FOREIGN_KEY_CHECKS, FOREIGN_KEY_CHECKS=0 */;
/*!40101 SET @OLD_SQL_MODE=@@SQL_MODE, SQL_MODE='NO_AUTO_VALUE_ON_ZERO' */;
/*!40111 SET @OLD_SQL_NOTES=@@SQL_NOTES, SQL_NOTES=0 */;

--
-- Table structure for table `ans_history_tbl`
--

DROP TABLE IF EXISTS `ans_history_tbl`;
/*!40101 SET @saved_cs_client     = @@character_set_client */;
 SET character_set_client = utf8mb4 ;
CREATE TABLE `ans_history_tbl` (
  `anshid` int(11) NOT NULL AUTO_INCREMENT,
  `ansid` int(11) NOT NULL,
  `submit_no` int(11) NOT NULL COMMENT '何回目の提出か\nans＿tblのsubmit_countと関係あり',
  `answer` varchar(10000) NOT NULL COMMENT '回答内容',
  `time` int(11) NOT NULL COMMENT '解答時間',
  `ans_timestamp` datetime NOT NULL COMMENT '提出時間',
  `correct_flg` int(11) NOT NULL COMMENT '正解フラグ\n０の場合は不正がった',
  `socre_json` varchar(4000) NOT NULL COMMENT '採点結果のjsonデータ',
  `score` int(11) NOT NULL,
  PRIMARY KEY (`anshid`),
  KEY `ansid` (`ansid`),
  CONSTRAINT `ans_history_tbl_ibfk_1` FOREIGN KEY (`ansid`) REFERENCES `ans_tbl` (`ansid`) ON DELETE RESTRICT ON UPDATE RESTRICT
) ENGINE=InnoDB AUTO_INCREMENT=101 DEFAULT CHARSET=utf8mb4 COLLATE=utf8mb4_0900_ai_ci;
/*!40101 SET character_set_client = @saved_cs_client */;

--
-- Dumping data for table `ans_history_tbl`
--

LOCK TABLES `ans_history_tbl` WRITE;
/*!40000 ALTER TABLE `ans_history_tbl` DISABLE KEYS */;
INSERT INTO `ans_history_tbl` VALUES (1,1,1,'練習問題１です\r\n変更',15,'2023-03-10 17:12:15',0,'{\"totalScore\":144,\"accuracyScore\":100,\"sppedScore\":44.0,\"unjustFlag\":false}',144),(2,2,1,'本番用の問題１です',11,'2023-03-10 17:26:05',0,'{\"totalScore\":149,\"accuracyScore\":100,\"sppedScore\":49.09090909090909,\"unjustFlag\":false}',149),(3,3,1,'練習問題１です\r\n変更',19,'2023-03-13 11:06:36',0,'{\"totalScore\":134,\"accuracyScore\":100,\"sppedScore\":34.73684210526316,\"unjustFlag\":false}',134),(4,3,2,'練習問題１です\r\n変更',16,'2023-03-13 11:07:08',0,'{\"totalScore\":141,\"accuracyScore\":100,\"sppedScore\":41.25,\"unjustFlag\":false}',141),(5,4,1,'',28,'2023-03-13 15:57:57',0,'{\"totalScore\":0,\"accuracyScore\":0,\"sppedScore\":0.0,\"unjustFlag\":false}',0),(6,5,1,'',6,'2023-07-19 14:48:09',0,'{\"totalScore\":0,\"accuracyScore\":0,\"sppedScore\":0.0,\"unjustFlag\":false}',0),(7,3,3,'練習問題１です\r\n変更\r\n',18,'2023-07-24 18:22:36',0,'{\"totalScore\":127,\"accuracyScore\":84,\"sppedScore\":43.333333333333336,\"unjustFlag\":false}',127),(8,6,1,'練習問題１です\r\n変更',33,'2023-07-27 09:46:09',0,'{\"totalScore\":120,\"accuracyScore\":100,\"sppedScore\":20.0,\"unjustFlag\":false}',120),(9,6,2,'練習問題１です\r\n変更',10,'2023-07-27 09:46:31',0,'{\"totalScore\":166,\"accuracyScore\":100,\"sppedScore\":66.0,\"unjustFlag\":false}',166),(10,7,1,'練習問題１です\r\n変更',23,'2023-07-27 09:47:03',0,'{\"totalScore\":128,\"accuracyScore\":100,\"sppedScore\":28.695652173913043,\"unjustFlag\":false}',128),(11,8,1,'練習問題１です\r\n変更',35,'2023-07-27 09:47:27',0,'{\"totalScore\":118,\"accuracyScore\":100,\"sppedScore\":18.857142857142858,\"unjustFlag\":false}',118),(12,1,2,'練習問題１です\r\n変更',22,'2023-07-27 09:47:31',0,'{\"totalScore\":130,\"accuracyScore\":100,\"sppedScore\":30.000000000000004,\"unjustFlag\":false}',130),(13,9,1,'練習問題１です\r\n変更-+',16,'2023-07-27 09:47:32',0,'{\"totalScore\":132,\"accuracyScore\":84,\"sppedScore\":48.75,\"unjustFlag\":false}',132),(14,10,1,'練習問題１です\r\n変更',25,'2023-07-27 09:47:34',0,'{\"totalScore\":126,\"accuracyScore\":100,\"sppedScore\":26.4,\"unjustFlag\":false}',126),(15,11,1,'練習問題１です\r\n変更',17,'2023-07-27 09:47:35',0,'{\"totalScore\":138,\"accuracyScore\":100,\"sppedScore\":38.82352941176471,\"unjustFlag\":false}',138),(16,12,1,'練習問題１です\r\n変更',23,'2023-07-27 09:47:35',0,'{\"totalScore\":128,\"accuracyScore\":100,\"sppedScore\":28.695652173913043,\"unjustFlag\":false}',128),(17,13,1,'練習問題１です\r\n変更',21,'2023-07-27 09:47:36',0,'{\"totalScore\":131,\"accuracyScore\":100,\"sppedScore\":31.42857142857143,\"unjustFlag\":false}',131),(18,14,1,'練習問題１です\r\n変更',22,'2023-07-27 09:47:39',0,'{\"totalScore\":130,\"accuracyScore\":100,\"sppedScore\":30.000000000000004,\"unjustFlag\":false}',130),(19,15,1,'練習問題１です\r\n変更',23,'2023-07-27 09:47:41',0,'{\"totalScore\":128,\"accuracyScore\":100,\"sppedScore\":28.695652173913043,\"unjustFlag\":false}',128),(20,7,2,'練習問題１です\r\n変更',24,'2023-07-27 09:47:44',0,'{\"totalScore\":127,\"accuracyScore\":100,\"sppedScore\":27.5,\"unjustFlag\":false}',127),(21,16,1,'練習問題１です\r\n変更',29,'2023-07-27 09:47:48',0,'{\"totalScore\":122,\"accuracyScore\":100,\"sppedScore\":22.75862068965517,\"unjustFlag\":false}',122),(22,17,1,'練習問題１です\r\n変更',32,'2023-07-27 09:47:49',0,'{\"totalScore\":120,\"accuracyScore\":100,\"sppedScore\":20.625,\"unjustFlag\":false}',120),(23,18,1,'練習問題１です\r\n変更',35,'2023-07-27 09:47:50',0,'{\"totalScore\":118,\"accuracyScore\":100,\"sppedScore\":18.857142857142858,\"unjustFlag\":false}',118),(24,19,1,'練習問題１です\r\n変更',36,'2023-07-27 09:47:54',0,'{\"totalScore\":118,\"accuracyScore\":100,\"sppedScore\":18.333333333333336,\"unjustFlag\":false}',118),(25,20,1,'練習問題１です\r\n変更',21,'2023-07-27 09:47:58',0,'{\"totalScore\":131,\"accuracyScore\":100,\"sppedScore\":31.42857142857143,\"unjustFlag\":false}',131),(26,21,1,'練習問題１です\r\n変更',49,'2023-07-27 09:48:01',0,'{\"totalScore\":113,\"accuracyScore\":100,\"sppedScore\":13.46938775510204,\"unjustFlag\":false}',113),(27,22,1,'練習問題１です\r\n変更',40,'2023-07-27 09:48:03',0,'{\"totalScore\":116,\"accuracyScore\":100,\"sppedScore\":16.5,\"unjustFlag\":false}',116),(28,23,1,'練習問題１です\r\n変更\r\n\r\n\r\n',53,'2023-07-27 09:48:07',0,'{\"totalScore\":83,\"accuracyScore\":64,\"sppedScore\":19.245283018867926,\"unjustFlag\":false}',83),(29,6,3,'練習問題１です\r\n変更',15,'2023-07-27 09:48:10',0,'{\"totalScore\":144,\"accuracyScore\":100,\"sppedScore\":44.0,\"unjustFlag\":false}',144),(30,8,2,'練習問題１です\r\n変更',40,'2023-07-27 09:48:15',0,'{\"totalScore\":116,\"accuracyScore\":100,\"sppedScore\":16.5,\"unjustFlag\":false}',116),(31,24,1,'練習問題１です\r\n変更',50,'2023-07-27 09:48:15',0,'{\"totalScore\":113,\"accuracyScore\":100,\"sppedScore\":13.2,\"unjustFlag\":false}',113),(32,25,1,'練習問題１です\r\n変更\r\n\r\n\r\n\r\n',68,'2023-07-27 09:48:17',0,'{\"totalScore\":73,\"accuracyScore\":57,\"sppedScore\":16.764705882352942,\"unjustFlag\":false}',73),(33,26,1,'練習問題１です\r\n変更',68,'2023-07-27 09:48:20',0,'{\"totalScore\":109,\"accuracyScore\":100,\"sppedScore\":9.705882352941178,\"unjustFlag\":false}',109),(34,27,1,'練習問題１です\r\n変更',38,'2023-07-27 09:48:21',0,'{\"totalScore\":117,\"accuracyScore\":100,\"sppedScore\":17.36842105263158,\"unjustFlag\":false}',117),(35,28,1,'練習問題１です\r\n変更',65,'2023-07-27 09:48:22',0,'{\"totalScore\":110,\"accuracyScore\":100,\"sppedScore\":10.153846153846155,\"unjustFlag\":false}',110),(36,29,1,'練習問題１です\r\n変更',74,'2023-07-27 09:48:27',0,'{\"totalScore\":108,\"accuracyScore\":100,\"sppedScore\":8.91891891891892,\"unjustFlag\":false}',108),(37,30,1,'練習問題１です\r\n変更',77,'2023-07-27 09:48:30',0,'{\"totalScore\":108,\"accuracyScore\":100,\"sppedScore\":8.571428571428571,\"unjustFlag\":false}',108),(38,22,2,'練習問題１です\r\n変更',17,'2023-07-27 09:48:35',0,'{\"totalScore\":138,\"accuracyScore\":100,\"sppedScore\":38.82352941176471,\"unjustFlag\":false}',138),(39,8,3,'練習問題１です\r\n変更\r\n\r\n',18,'2023-07-27 09:48:41',0,'{\"totalScore\":123,\"accuracyScore\":73,\"sppedScore\":50.0,\"unjustFlag\":false}',123),(40,28,2,'練習問題１です\r\n変更',15,'2023-07-27 09:48:44',0,'{\"totalScore\":144,\"accuracyScore\":100,\"sppedScore\":44.0,\"unjustFlag\":false}',144),(41,11,2,'練習問題１です\r\n変更',59,'2023-07-27 09:48:45',0,'{\"totalScore\":111,\"accuracyScore\":100,\"sppedScore\":11.186440677966102,\"unjustFlag\":false}',111),(42,31,1,'練習問題１です\r\n変更',71,'2023-07-27 09:48:52',0,'{\"totalScore\":109,\"accuracyScore\":100,\"sppedScore\":9.295774647887324,\"unjustFlag\":false}',109),(43,32,1,'練習問題１です\r\n変更',94,'2023-07-27 09:48:54',0,'{\"totalScore\":107,\"accuracyScore\":100,\"sppedScore\":7.0212765957446805,\"unjustFlag\":false}',107),(44,33,1,'練習問題１です\r\n変更\r\n\r\n\r\n',106,'2023-07-27 09:48:54',0,'{\"totalScore\":73,\"accuracyScore\":64,\"sppedScore\":9.622641509433963,\"unjustFlag\":false}',73),(45,34,1,'練習問題１です\r\n変更',96,'2023-07-27 09:48:57',0,'{\"totalScore\":106,\"accuracyScore\":100,\"sppedScore\":6.875,\"unjustFlag\":false}',106),(46,8,4,'練習問題１です\r\n変更',11,'2023-07-27 09:48:59',0,'{\"totalScore\":160,\"accuracyScore\":100,\"sppedScore\":60.00000000000001,\"unjustFlag\":false}',160),(47,35,1,'練習問題１です\r\n変更',123,'2023-07-27 09:49:13',0,'{\"totalScore\":105,\"accuracyScore\":100,\"sppedScore\":5.365853658536586,\"unjustFlag\":false}',105),(48,8,5,'練習問題１です\r\n変更',10,'2023-07-27 09:50:45',0,'{\"totalScore\":166,\"accuracyScore\":100,\"sppedScore\":66.0,\"unjustFlag\":false}',166),(49,8,6,'練習問題１です\r\n変更',10,'2023-07-27 09:51:01',0,'{\"totalScore\":166,\"accuracyScore\":100,\"sppedScore\":66.0,\"unjustFlag\":false}',166),(50,36,1,'近年、技術の進化は驚異的な速さで進んでおり、私たちの日常生活や教育にも大きな影響を与えています。未来の教育は、これらの技術を活用することで大きく変わるでしょう。様々な新しい学習方法が生まれ、教育の効果が飛躍的に向上する可能性があります。\r\nまず、人工知能（ＡＩ）の活用が挙げられます。ＡＩは、個々の生徒の学習レベルやペースに合わせたカリキュラムを提供することができます。教師が多様な学習スタイルに対応するのは大変な作業ですが、ＡＩなら個別のニーズに応じた指導を自動的に行えます。これにより、生徒一人ひとりの成績向上が期待できます。',174,'2023-07-27 09:55:09',0,'{\"totalScore\":191,\"accuracyScore\":100,\"sppedScore\":91.37931034482759,\"unjustFlag\":false}',191),(51,37,1,'近年、技術の進化は驚異的な速さで進んでおり、私たちの日常生活や教育にも大きな影響を与えています。未来の教育は、これらの技術を活用することで大きく変わるでしょう。様々な新しい学習方法が生まれ、教育の効果が飛躍的に向上する可能性があります。\r\nまず、人工知能（ＡＩ）の活用が挙げられます。ＡＩは、個々の生徒の学習レベルやペースに合わせたカリキュラムを提供することができます。教師が多様な学習スタイルに対応するのは大変な作業ですが、ＡＩなら個別のニーズに応じた指導を自動的に行えます。これにより、生徒一人ひとりの成績向上が期待できます。',208,'2023-07-27 09:55:44',0,'{\"totalScore\":176,\"accuracyScore\":100,\"sppedScore\":76.4423076923077,\"unjustFlag\":false}',176),(52,38,1,'近年、技術の進化は驚異的な速さで進んでおり、私たちの日常生活や教育にも大きな影響を与えています。未来の教育は、これらの技術を活用することで大きく変わるでしょう。様々な新しい学習方法が生まれ、教育の効果が飛躍的に向上する可能性があります。\r\nまず、人工知能（ＡＩ）の活用が挙げられます。ＡＩは、個々の生徒の学習レベルやペースに合わせたカリキュラムを提供することができます。教師が多様な学習スタイルに対応するのは大変な作業ですが、ＡＩなら個別のニーズに応じた指導を自動的に行えます。これにより、生徒一人ひとりの成績向上が期待できます。',249,'2023-07-27 09:56:38',0,'{\"totalScore\":163,\"accuracyScore\":100,\"sppedScore\":63.85542168674698,\"unjustFlag\":false}',163),(53,39,1,'近年、技術の進化は驚異的な速さで進んでおり、私たちの日常生活や教育にも大きな影響を与えています。未来の教育は、これらの技術を活用することで大きく変わるでしょう。様々な新しい学習方法が生まれ、教育の効果が飛躍的に向上する可能性があります。\r\nまず、人工知能（ＡＩ）の活用が挙げられます。ＡＩは、個々の生徒の学習レベルやペースに合わせたカリキュラムを提供することができます。教師が多様な学習スタイルに対応するのは大変な作業ですが、ＡＩなら個別のニーズに応じた指導を自動的に行えます。これにより、生徒一人ひとりの成績向上が期待できます。',272,'2023-07-27 09:56:49',0,'{\"totalScore\":158,\"accuracyScore\":100,\"sppedScore\":58.45588235294118,\"unjustFlag\":false}',158),(54,40,1,'近年、技術の進化は驚異的な速さで進んでおり、私たちの日常生活や教育にも大きな影響を与えています。未来の教育は、これらの技術を活用することで大きく変わるでしょう。様々な新しい学習方法が生まれ、教育の効果が飛躍的に向上する可能性があります。\r\nまず、人工知能（ＡＩ）の活用が挙げられます。ＡＩは、個々の生徒の学習レベルやペースに合わせたカリキュラムを提供することができます。教師が多様な学習スタイルに対応するのは大変な作業ですが、ＡＩなら個別のニーズに応じた指導を自動的に行えます。これにより、生徒一人ひとりの成績向上が期待できます。',274,'2023-07-27 09:56:53',0,'{\"totalScore\":158,\"accuracyScore\":100,\"sppedScore\":58.02919708029197,\"unjustFlag\":false}',158),(55,41,1,'近年、技術の進化は驚異的な速さで進んでおり、私たちの日常生活や教育にも大きな影響を与えています。未来の教育は、これらの技術を活用することで大きく変わるでしょう。様々な新しい学習方法が生まれ、教育の効果が飛躍的に向上する可能性があります。\r\nまず、人工知能（ＡＩ）の活用が挙げられます。ＡＩは、個々の生徒の学習レベルやペースに合わせたカリキュラムを提供することができます。教師が多様な学習スタイルに対応するのは大変な作業ですが、ＡＩなら個別のニーズに応じた指導を自動的に行えます。これにより、生徒一人ひとりの成績向上が期待できます。',331,'2023-07-27 09:57:43',0,'{\"totalScore\":148,\"accuracyScore\":100,\"sppedScore\":48.036253776435046,\"unjustFlag\":false}',148),(56,42,1,'近年、技術の進化は驚異的な速さで進んでおり、私たちの日常生活や教育にも大きな影響を与えています。未来の教育は、これらの技術を活用することで大きく変わるでしょう。様々な新しい学習方法が生まれ、教育の効果が飛躍的に向上する可能性があります。\r\nまず、人工知能（ＡＩ）の活用が挙げられます。ＡＩは、個々の生徒の学習レベルやペースに合わせたカリキュラムを提供することができます。教師が多様な学習スタイルに対応するのは大変な作業ですが、ＡＩなら個別のニーズに応じた指導を自動的に行えます。これにより、生徒一人ひとりの成績向上が期待できます。',330,'2023-07-27 09:57:45',0,'{\"totalScore\":148,\"accuracyScore\":100,\"sppedScore\":48.18181818181818,\"unjustFlag\":false}',148),(57,43,1,'近年、技術の進化は驚異的な速さで進んでおり、私たちの日常生活や教育にも大きな影響を与えています。未来の教育は、これらの技術を活用することで大きく変わるでしょう。様々な新しい学習方法が生まれ、教育の効果が飛躍的に向上する可能性があります。\r\nまず、人工知能（ＡＩ）の活用が挙げられます。ＡＩは、個々の生徒の学習レベルやペースに合わせたカリキュラムを提供することができます。教師が多様な学習スタイルに対応するのは大変な作業ですが、ＡＩなら個別のニーズに応じた指導を自動的に行えます。これにより、生徒一人ひとりの成績向上が期待できます。',329,'2023-07-27 09:57:46',0,'{\"totalScore\":148,\"accuracyScore\":100,\"sppedScore\":48.328267477203646,\"unjustFlag\":false}',148),(58,44,1,'近年、技術の進化は驚異的な速さで進んでおり、私たちの日常生活や教育にも大きな影響を与えています。未来の教育は、これらの技術を活用することで大きく変わるでしょう。様々な新しい学習方法が生まれ、教育の効果が飛躍的に向上する可能性があります。\r\nまず、人工知能（ＡＩ）の活用が挙げられます。ＡＩは、個々の生徒の学習レベルやペースに合わせたカリキュラムを提供することができます。教師が多様な学習スタイルに対応するのは大変な作業ですが、ＡＩなら個別のニーズに応じた指導を自動的に行えます。これにより、生徒一人ひとりの成績向上が期待できます。',335,'2023-07-27 09:57:56',0,'{\"totalScore\":147,\"accuracyScore\":100,\"sppedScore\":47.462686567164184,\"unjustFlag\":false}',147),(59,45,1,'近年、技術の進化は驚異的な速さで進んでおり、私たちの日常生活や教育にも大きな影響を与えています。未来の教育は、これらの技術を活用することで大きく変わるでしょう。様々な新しい学習方法が生まれ、教育の効果が飛躍的に向上する可能性があります。\r\nまず、人工知能（ＡＩ）の活用が挙げられます。ＡＩは、個々の生徒の学習レベルやペースに合わせたカリキュラムを提供することができます。教師が多様な学習スタイルに対応するのは大変な作業ですが、ＡＩなら個別のニーズに応じた指導を自動的に行えます。これにより、生徒一人ひとりの成績向上が期待できます。\r\n\r\n',340,'2023-07-27 09:57:58',0,'{\"totalScore\":145,\"accuracyScore\":98,\"sppedScore\":47.470588235294116,\"unjustFlag\":false}',145),(60,46,1,'近年、技術の進化は驚異的な速さで進んでおり、私たちの日常生活や教育にも大きな影響を与えています。未来の教育は、これらの技術を活用することで大きく変わるでしょう。様々な新しい学習方法が生まれ、教育の効果が飛躍的に向上する可能性があります。\r\nまず、人工知能（ＡＩ）の活用が挙げられます。ＡＩは、個々の生徒の学習レベルやペースに合わせたカリキュラムを提供することができます。教師が多様な学習スタイルに対応するのは大変な作業ですが、ＡＩなら個別のニーズに応じた指導を自動的に行えます。これにより、生徒一人ひとりの成績向上が期待できます。',356,'2023-07-27 09:58:11',0,'{\"totalScore\":144,\"accuracyScore\":100,\"sppedScore\":44.662921348314605,\"unjustFlag\":false}',144),(61,47,1,'近年、技術の進化は驚異的な速さで進んでおり、私たちの日常生活や教育にも大きな影響を与えています。未来の教育は、これらの技術を活用することで大きく変わるでしょう。様々な新しい学習方法が生まれ、教育の効果が飛躍的に向上する可能性があります。\r\nまず、人工知能（ＡＩ）の活用が挙げられます。ＡＩは、個々の生徒の学習レベルやペースに合わせたカリキュラムを提供することができます。教師が多様な学習スタイルに対応するのは大変な作業ですが、ＡＩなら個別のニーズに応じた指導を自動的に行えます。これにより、生徒一人ひとりの成績向上が期待できます。',356,'2023-07-27 09:58:13',0,'{\"totalScore\":144,\"accuracyScore\":100,\"sppedScore\":44.662921348314605,\"unjustFlag\":false}',144),(62,48,1,'近年、技術の進化は驚異的な速さで進んでおり、私たちの日常生活や教育にも大きな影響を与えています。未来の教育は、これらの技術を活用することで大きく変わるでしょう。様々な新しい学習方法が生まれ、教育の効果が飛躍的に向上する可能性があります。\r\nまず、人工知能（ＡＩ）の活用が挙げられます。ＡＩは、個々の生徒の学習レベルやペースに合わせたカリキュラムを提供することができます。教師が多様な学習スタイルに対応するのは大変な作業ですが、ＡＩなら個別のニーズに応じた指導を自動的に行えます。これにより、生徒一人ひとりの成績向上が期待できます。',376,'2023-07-27 09:58:31',0,'{\"totalScore\":142,\"accuracyScore\":100,\"sppedScore\":42.287234042553195,\"unjustFlag\":false}',142),(63,49,1,'近年、技術の進化は驚異的な速さで進んでおり、私たちの日常生活や教育にも大きな影響を与えています。未来の教育は、これらの技術を活用することで大きく変わるでしょう。様々な新しい学習方法が生まれ、教育の効果が飛躍的に向上する可能性があります。\r\nまず、人工知能（ＡＩ）の活用が挙げられます。ＡＩは、個々の生徒の学習レベルやペースに合わせたカリキュラムを提供することができます。教師が多様な学習スタイルに対応するのは大変な作業ですが、ＡＩなら個別のニーズに応じた指導を自動的に行えます。これにより、生徒一人ひとりの成績向上が期待できます。',416,'2023-07-27 09:59:07',0,'{\"totalScore\":138,\"accuracyScore\":100,\"sppedScore\":38.22115384615385,\"unjustFlag\":false}',138),(64,50,1,'近年、技術の進化は驚異的な速さで進んでおり、私たちの日常生活や教育にも大きな影響を与えています。未来の教育は、これらの技術を活用することで大きく変わるでしょう。様々な新しい学習方法が生まれ、教育の効果が飛躍的に向上する可能性があります。\r\nまず、人工知能（ＡＩ）の活用が挙げられます。ＡＩは、個々の生徒の学習レベルやペースに合わせたカリキュラムを提供することができます。教師が多様な学習スタイルに対応するのは大変な作業ですが、ＡＩなら個別のニーズに応じた指導を自動的に行えます。これにより、生徒一人ひとりの成績向上が期待できます。\r\n\r\n\r\n\r\n',423,'2023-07-27 09:59:21',0,'{\"totalScore\":135,\"accuracyScore\":97,\"sppedScore\":38.72340425531915,\"unjustFlag\":false}',135),(65,51,1,'近年、技術の進化は驚異的な速さで進んでおり、私たちの日常生活や教育にも大きな影響を与えています。未来の教育は、これらの技術を活用することで大きく変わるでしょう。様々な新しい学習方法が生まれ、教育の効果が飛躍的に向上する可能性があります。\r\nまず、人工知能（ＡＩ）の活用が挙げられます。ＡＩは、個々の生徒の学習レベルやペースに合わせたカリキュラムを提供することができます。教師が多様な学習スタイルに対応するのは大変な作業ですが、ＡＩなら個別のニーズに応じた指導を自動的に行えます。これにより、生徒一人ひとりの成績向上が期待できます。',493,'2023-07-27 10:00:29',0,'{\"totalScore\":132,\"accuracyScore\":100,\"sppedScore\":32.25152129817444,\"unjustFlag\":false}',132),(66,52,1,'近年、技術の進化は驚異的な速さで進んでおり、私たちの日常生活や教育にも大きな影響を与えています。未来の教育は、これらの技術を活用することで大きく変わるでしょう。様々な新しい学習方法が生まれ、教育の効果が飛躍的に向上する可能性があります。\r\nまず、人工知能（ＡＩ）の活用が挙げられます。ＡＩは、個々の生徒の学習レベルやペースに合わせたカリキュラムを提供することができます。教師が多様な学習スタイルに対応するのは大変な作業ですが、ＡＩなら個別のニーズに応じた指導を自動的に行えます。これにより、生徒一人ひとりの成績向上が期待できます。',522,'2023-07-27 10:00:58',0,'{\"totalScore\":130,\"accuracyScore\":100,\"sppedScore\":30.459770114942533,\"unjustFlag\":false}',130),(67,53,1,'近年、技術の進化は驚異的な速さで進んでおり、私たちの日常生活や教育にも大きな影響を与えています。未来の教育は、これらの技術を活用することで大きく変わるでしょう。様々な新しい学習方法が生まれ、教育の効果が飛躍的に向上する可能性があります。\r\nまず、人工知能（ＡＩ）の活用が挙げられます。ＡＩは、個々の生徒の学習レベルやペースに合わせたカリキュラムを提供することができます。教師が多様な学習スタイルに対応するのは大変な作業ですが、ＡＩなら個別のニーズに応じた指導を自動的に行えます。これにより、生徒一人ひとりの成績向上が期待できます。\r\n\r\n',539,'2023-07-27 10:01:16',0,'{\"totalScore\":127,\"accuracyScore\":98,\"sppedScore\":29.944341372912803,\"unjustFlag\":false}',127),(68,54,1,'近年、技術の進化は驚異的な速さで進んでおり、私たちの日常生活や教育にも大きな影響を与えています。未来の教育は、これらの技術を活用することで大きく変わるでしょう。様々な新しい学習方法が生まれ、教育の効果が飛躍的に向上する可能性があります。\r\nまず、人工知能（ＡＩ）の活用が挙げられます。ＡＩは、個々の生徒の学習レベルやペースに合わせたカリキュラムを提供することができます。教師が多様な学習スタイルに対応するのは大変な作業ですが、ＡＩなら個別のニーズに応じた指導を自動的に行えます。これにより、生徒一人ひとりの成績向上が期待できます。',551,'2023-07-27 10:01:28',0,'{\"totalScore\":128,\"accuracyScore\":100,\"sppedScore\":28.856624319419236,\"unjustFlag\":false}',128),(69,55,1,'近年、技術の進化は驚異的な速さで進んでおり、私たちの日常生活や教育にも大きな影響を与えています。未来の教育は、これらの技術を活用することで大きく変わるでしょう。様々な新しい学習方法が生まれ、教育の効果が飛躍的に向上する可能性があります。\r\nまず、人工知能（ＡＩ）の活用が挙げられます。ＡＩは、個々の生徒の学習レベルやペースに合わせたカリキュラムを提供することができます。教師が多様な学習スタイルに対応するのは大変な作業ですが、ＡＩなら個別のニーズに応じた指導を自動的に行えます。これにより、生徒一人ひとりの成績向上が期待できます。\r\n\r\n',591,'2023-07-27 10:02:30',0,'{\"totalScore\":125,\"accuracyScore\":98,\"sppedScore\":27.309644670050762,\"unjustFlag\":false}',125),(70,56,1,'近年、技術の進化は驚異的な速さで進んでおり、私たちの日常生活や教育にも大きな影響を与えています。未来の教育は、これらの技術を活用することで大きく変わるでしょう。様々な新しい学習方法が生まれ、教育の効果が飛躍的に向上する可能性があります。\r\nまず、人工知能（ＡＩ）の活用が挙げられます。ＡＩは、個々の生徒の学習レベルやペースに合わせたカリキュラムを提供することができます。教師が多様な学習スタイルに対応するのは大変な作業ですが、ＡＩなら個別のニーズに応じた指導を自動的に行えます。これにより、生徒一人ひとりの成績向上が期待できます。',621,'2023-07-27 10:02:39',0,'{\"totalScore\":125,\"accuracyScore\":100,\"sppedScore\":25.603864734299517,\"unjustFlag\":false}',125),(71,57,1,'近年、技術の進化は驚異的な速さで進んでおり、私たちの日常生活や教育にも大きな影響を与えています。未来の教育は、これらの技術を活用することで大きく変わるでしょう。様々な新しい学習方法が生まれ、教育の効果が飛躍的に向上する可能性があります。\r\nまず、人工知能（ＡＩ）の活用が挙げられます。ＡＩは、個々の生徒の学習レベルやペースに合わせたカリキュラムを提供することができます。教師が多様な学習スタイルに対応するのは大変な作業ですが、ＡＩなら個別のニーズに応じた指導を自動的に行えます。これにより、生徒一人ひとりの成績向上が期待できます。',630,'2023-07-27 10:02:46',0,'{\"totalScore\":125,\"accuracyScore\":100,\"sppedScore\":25.238095238095237,\"unjustFlag\":false}',125),(72,58,1,'近年、技術の進化は驚異的な速さで進んでおり、私たちの日常生活や教育にも大きな影響を与えています。未来の教育は、これらの技術を活用することで大きく変わるでしょう。様々な新しい学習方法が生まれ、教育の効果が飛躍的に向上する可能性があります。\r\nまず、人工知能（ＡＩ）の活用が挙げられます。ＡＩは、個々の生徒の学習レベルやペースに合わせたカリキュラムを提供することができます。教師が多様な学習スタイルに対応するのは大変な作業ですが、ＡＩなら個別のニーズに応じた指導を自動的に行えます。これにより、生徒一人ひとりの成績向上が期待できます。',650,'2023-07-27 10:03:08',0,'{\"totalScore\":124,\"accuracyScore\":100,\"sppedScore\":24.46153846153846,\"unjustFlag\":false}',124),(73,59,1,'近年、技術の進化は驚異的な速さで進んでおり、私たちの日常生活や教育にも大きな影響を与えています。未来の教育は、これらの技術を活用することで大きく変わるでしょう。様々な新しい学習方法が生まれ、教育の効果が飛躍的に向上する可能性があります。\r\nまず、人工知能（ＡＩ）の活用が挙げられます。ＡＩは、個々の生徒の学習レベルやペースに合わせたカリキュラムを提供することができます。教師が多様な学習スタイルに対応するのは大変な作業ですが、ＡＩなら個別のニーズに応じた指導を自動的に行えます。これにより、生徒一人ひとりの成績向上が期待できます。\r\n\r\n',663,'2023-07-27 10:03:20',0,'{\"totalScore\":122,\"accuracyScore\":98,\"sppedScore\":24.34389140271493,\"unjustFlag\":false}',122),(74,60,1,'近年、技術の進化は驚異的な速さで進んでおり、私たちの日常生活や教育にも大きな影響を与えています。未来の教育は、これらの技術を活用することで大きく変わるでしょう。様々な新しい学習方法が生まれ、教育の効果が飛躍的に向上する可能性があります。\r\nまず、人工知能（ＡＩ）の活用が挙げられます。ＡＩは、個々の生徒の学習レベルやペースに合わせたカリキュラムを提供することができます。教師が多様な学習スタイルに対応するのは大変な作業ですが、ＡＩなら個別のニーズに応じた指導を自動的に行えます。これにより、生徒一人ひとりの成績向上が期待できます。\r\n\r\n',670,'2023-07-27 10:03:25',0,'{\"totalScore\":122,\"accuracyScore\":98,\"sppedScore\":24.08955223880597,\"unjustFlag\":false}',122),(75,61,1,'近年、技術の進化は驚異的な速さで進んでおり、私たちの日常生活や教育にも大きな影響を与えています。未来の教育は、これらの技術を活用することで大きく変わるでしょう。様々な新しい学習方法が生まれ、教育の効果が飛躍的に向上する可能性があります。\r\nまず、人工知能（ＡＩ）の活用が挙げられます。ＡＩは、個々の生徒の学習レベルやペースに合わせたカリキュラムを提供することができます。教師が多様な学習スタイルに対応するのは大変な作業ですが、ＡＩなら個別のニーズに応じた指導を自動的に行えます。これにより、生徒一人ひとりの成績向上が期待できます。',749,'2023-07-27 10:04:52',0,'{\"totalScore\":121,\"accuracyScore\":100,\"sppedScore\":21.2283044058745,\"unjustFlag\":false}',121),(76,62,1,'近年、技術の進化は驚異的な速さで進んでおり、私たちの日常生活や教育にも大きな影響を与えています。未来の教育は、これらの技術を活用することで大きく変わるでしょう。様々な新しい学習方法が生まれ、教育の効果が飛躍的に向上する可能性があります。\r\nまず、人工知能（ＡＩ）の活用が挙げられます。ＡＩは、個々の生徒の学習レベルやペースに合わせたカリキュラムを提供することができます。教師が多様な学習スタイルに対応するのは大変な作業ですが、ＡＩなら個別のニーズに応じた指導を自動的に行えます。これにより、生徒一人ひとりの成績向上が期待できます。',758,'2023-07-27 10:04:55',0,'{\"totalScore\":120,\"accuracyScore\":100,\"sppedScore\":20.976253298153036,\"unjustFlag\":false}',120),(77,63,1,'近年、技術の進化は驚異的な速さで進んでおり、私たちの日常生活や教育にも大きな影響を与えています。未来の教育は、これらの技術を活用することで大きく変わるでしょう。様々な新しい学習方法が生まれ、教育の効果が飛躍的に向上する可能性があります。\r\nまず、人工知能（ＡＩ）の活用が挙げられます。ＡＩは、個々の生徒の学習レベルやペースに合わせたカリキュラムを提供することができます。教師が多様な学習スタイルに対応するのは大変な作業ですが、ＡＩなら個別のニーズに応じた指導を自動的に行えます。これにより、生徒一人ひとりの成績向上が期待できます。\r\n\r\n',817,'2023-07-27 10:06:07',0,'{\"totalScore\":117,\"accuracyScore\":98,\"sppedScore\":19.755201958384333,\"unjustFlag\":false}',117),(78,64,1,'近年、技術の進化は驚異的な速さで進んでおり、私たちの日常生活や教育にも大きな影響を与えています。未来の教育は、これらの技術を活用することで大きく変わるでしょう。様々な新しい学習方法が生まれ、教育の効果が飛躍的に向上する可能性があります。\r\nまず、人工知能（ＡＩ）の活用が挙げられます。ＡＩは、個々の生徒の学習レベルやペースに合わせたカリキュラムを提供することができます。教師が多様な学習スタイルに対応するのは大変な作業ですが、ＡＩなら個別のニーズに応じた指導を自動的に行えます。これにより、生徒一人ひとりの成績向上が期待できます。',882,'2023-07-27 10:07:00',0,'{\"totalScore\":118,\"accuracyScore\":100,\"sppedScore\":18.027210884353742,\"unjustFlag\":false}',118),(79,65,1,'近年、技術の進化は驚異的な速さで進んでおり、私たちの日常生活や教育にも大きな影響を与えています。未来の教育は、これらの技術を活用することで大きく変わるでしょう。様々な新しい学習方法が生まれ、教育の効果が飛躍的に向上する可能性があります。\r\nまず、人工知能（ＡＩ）の活用が挙げられます。ＡＩは、個々の生徒の学習レベルやペースに合わせたカリキュラムを提供することができます。教師が多様な学習スタイルに対応するのは大変な作業ですが、ＡＩなら個別のニーズに応じた指導を自動的に行えます。これにより、生徒一人ひとりの成績向上が期待できます。',951,'2023-07-27 10:08:30',0,'{\"totalScore\":116,\"accuracyScore\":100,\"sppedScore\":16.7192429022082,\"unjustFlag\":false}',116),(80,1,3,'練習問題１です\r\n変更',10,'2023-07-27 19:19:00',0,'{\"totalScore\":166,\"accuracyScore\":100,\"sppedScore\":66.0,\"unjustFlag\":false}',166),(81,66,1,'練習問題１です\r\n変更\r\n',21,'2023-07-27 19:22:05',0,'{\"totalScore\":121,\"accuracyScore\":84,\"sppedScore\":37.142857142857146,\"unjustFlag\":false}',121),(82,66,2,'練習問題１です\r\n変更\r\n',9,'2023-07-27 19:55:40',0,'{\"totalScore\":186,\"accuracyScore\":100,\"sppedScore\":86.66666666666667,\"unjustFlag\":false}',186),(83,67,1,'近年、技術の進化は驚異的な速さで進んでおり、私たちの日常生活や教育にも大きな影響を与えています。未来の教育は、これらの技術を活用することで大きく変わるでしょう。様々な新しい学習方法が生まれ、教育の効果が飛躍的に向上する可能性があります。\r\nまず、人工知能（ＡＩ）の活用が挙げられます。ＡＩは、個々の生徒の学習レベルやペースに合わせたカリキュラムを提供することができます。教師が多様な学習スタイルに対応するのは大変な作業ですが、ＡＩなら個別のニーズに応じた指導を自動的に行えます。これにより、生徒一人ひとりの成績向上が期待できます。\r\n次に、バーチャルリアリティ（ＶＲ）と拡張現実（ＡＲ）が教育現場に革命をもたらすでしょう。ＶＲとＡＲを活用すれば、歴史上の偉人と直接対話したり、遠くの場所に仮想旅行したりできます。これにより、教科書だけでは得られなかったようなリアルな体験が可能になります。学びがより身近で魅力的なものとなるでしょう。\r\nさらに、オンライン教育の普及も未来の教育を変える一因となるでしょう。地理的な制約を超えて優れた教育を受けることができます。世界中の専門家がオンライン上で講義を行い、生徒たちは多様な知識と視点に触れることができます。また、インタラクティブなオンラインプラットフォームにより、生徒同士のディスカッションや情報交換も活発化するでしょう。\r\nしかし、技術を活用した未来の教育には注意すべき点もあります。例えば、デジタルデバイスへの依存が増すことで、情報過多になり集中力が低下する可能性があります。そのため、適切な時間管理とデジタルリテラシーの教育が重要となります。\r\nさらに、技術の進化によって一部の教師の役割が変化する可能性も考えられます。教師は依然として重要な存在であり、技術を補完し、人間らしい温かみや指導力を提供する役割を果たすことが求められるでしょう。\r\n未来の教育は確実に変わるものの、人間と技術の共存が重要です。技術は教育をより効果的にし、学びをより楽しく魅力的なものにする力を持っています。しかし、教育の本質は人間の成長と発展にあります。技術をうまく活用しながら、生徒一人ひとりの個性を大切にする教育が求められるのです。\r\n\r\n',838,'2023-07-31 12:17:28',0,'{\"totalScore\":167,\"accuracyScore\":100,\"sppedScore\":67.01670644391407,\"unjustFlag\":false}',167),(84,68,1,'近年、技術の進化は驚異的な速さで進んでおり、私たちの日常生活や教育にも大きな影響を与えています。未来の教育は、これらの技術を活用することで大きく変わるでしょう。様々な新しい学習方法が生まれ、教育の効果が飛躍的に向上する可能性があります。\r\nまず、人工知能（ＡＩ）の活用が挙げられます。ＡＩは、個々の生徒の学習レベルやペースに合わせたカリキュラムを提供することができます。教師が多様な学習スタイルに対応するのは大変な作業ですが、ＡＩなら個別のニーズに応じた指導を自動的に行えます。これにより、生徒一人ひとりの成績向上が期待できます。\r\n次に、バーチャルリアリティ（ＶＲ）と拡張現実（ＡＲ）が教育現場に革命をもたらすでしょう。ＶＲとＡＲを活用すれば、歴史上の偉人と直接対話したり、遠くの場所に仮想旅行したりできます。これにより、教科書だけでは得られなかったようなリアルな体験が可能になります。学びがより身近で魅力的なものとなるでしょう。\r\nさらに、オンライン教育の普及も未来の教育を変える一因となるでしょう。地理的な制約を超えて優れた教育を受けることができます。世界中の専門家がオンライン上で講義を行い、生徒たちは多様な知識と視点に触れることができます。また、インタラクティブなオンラインプラットフォームにより、生徒同士のディスカッションや情報交換も活発化するでしょう。\r\nしかし、技術を活用した未来の教育には注意すべき点もあります。例えば、デジタルデバイスへの依存が増すことで、情報過多になり集中力が低下する可能性があります。そのため、適切な時間管理とデジタルリテラシーの教育が重要となります。\r\nさらに、技術の進化によって一部の教師の役割が変化する可能性も考えられます。教師は依然として重要な存在であり、技術を補完し、人間らしい温かみや指導力を提供する役割を果たすことが求められるでしょう。\r\n未来の教育は確実に変わるものの、人間と技術の共存が重要です。技術は教育をより効果的にし、学びをより楽しく魅力的なものにする力を持っています。しかし、教育の本質は人間の成長と発展にあります。技術をうまく活用しながら、生徒一人ひとりの個性を大切にする教育が求められるのです。\r\n\r\n\r\n\r\n\r\n\r\n\r\n',855,'2023-07-31 12:18:10',0,'{\"totalScore\":166,\"accuracyScore\":100,\"sppedScore\":66.3859649122807,\"unjustFlag\":false}',166),(85,69,1,'近年、技術の進化は驚異的な速さで進んでおり、私たちの日常生活や教育にも大きな影響を与えています。未来の教育は、これらの技術を活用することで大きく変わるでしょう。様々な新しい学習方法が生まれ、教育の効果が飛躍的に向上する可能性があります。\r\nまず、人工知能（ＡＩ）の活用が挙げられます。ＡＩは、個々の生徒の学習レベルやペースに合わせたカリキュラムを提供することができます。教師が多様な学習スタイルに対応するのは大変な作業ですが、ＡＩなら個別のニーズに応じた指導を自動的に行えます。これにより、生徒一人ひとりの成績向上が期待できます。\r\n次に、バーチャルリアリティ（ＶＲ）と拡張現実（ＡＲ）が教育現場に革命をもたらすでしょう。ＶＲとＡＲを活用すれば、歴史上の偉人と直接対話したり、遠くの場所に仮想旅行したりできます。これにより、教科書だけでは得られなかったようなリアルな体験が可能になります。学びがより身近で魅力的なものとなるでしょう。\r\nさらに、オンライン教育の普及も未来の教育を変える一因となるでしょう。地理的な制約を超えて優れた教育を受けることができます。世界中の専門家がオンライン上で講義を行い、生徒たちは多様な知識と視点に触れることができます。また、インタラクティブなオンラインプラットフォームにより、生徒同士のディスカッションや情報交換も活発化するでしょう。\r\nしかし、技術を活用した未来の教育には注意すべき点もあります。例えば、デジタルデバイスへの依存が増すことで、情報過多になり集中力が低下する可能性があります。そのため、適切な時間管理とデジタルリテラシーの教育が重要となります。\r\nさらに、技術の進化によって一部の教師の役割が変化する可能性も考えられます。教師は依然として重要な存在であり、技術を補完し、人間らしい温かみや指導力を提供する役割を果たすことが求められるでしょう。\r\n未来の教育は確実に変わるものの、人間と技術の共存が重要です。技術は教育をより効果的にし、学びをより楽しく魅力的なものにする力を持っています。しかし、教育の本質は人間の成長と発展にあります。技術をうまく活用しながら、生徒一人ひとりの個性を大切にする教育が求められるのです。',990,'2023-07-31 12:20:02',0,'{\"totalScore\":156,\"accuracyScore\":100,\"sppedScore\":56.484848484848484,\"unjustFlag\":false}',156),(86,70,1,'近年、技術の進化は驚異的な速さで進んでおり、私たちの日常生活や教育にも大きな影響を与えています。未来の教育は、これらの技術を活用することで大きく変わるでしょう。様々な新しい学習方法が生まれ、教育の効果が飛躍的に向上する可能性があります。\r\nまず、人工知能（ＡＩ）の活用が挙げられます。ＡＩは、個々の生徒の学習レベルやペースに合わせたカリキュラムを提供することができます。教師が多様な学習スタイルに対応するのは大変な作業ですが、ＡＩなら個別のニーズに応じた指導を自動的に行えます。これにより、生徒一人ひとりの成績向上が期待できます。\r\n次に、バーチャルリアリティ（ＶＲ）と拡張現実（ＡＲ）が教育現場に革命をもたらすでしょう。ＶＲとＡＲを活用すれば、歴史上の偉人と直接対話したり、遠くの場所に仮想旅行したりできます。これにより、教科書だけでは得られなかったようなリアルな体験が可能になります。学びがより身近で魅力的なものとなるでしょう。\r\nさらに、オンライン教育の普及も未来の教育を変える一因となるでしょう。地理的な制約を超えて優れた教育を受けることができます。世界中の専門家がオンライン上で講義を行い、生徒たちは多様な知識と視点に触れることができます。また、インタラクティブなオンラインプラットフォームにより、生徒同士のディスカッションや情報交換も活発化するでしょう。\r\nしかし、技術を活用した未来の教育には注意すべき点もあります。例えば、デジタルデバイスへの依存が増すことで、情報過多になり集中力が低下する可能性があります。そのため、適切な時間管理とデジタルリテラシーの教育が重要となります。\r\nさらに、技術の進化によって一部の教師の役割が変化する可能性も考えられます。教師は依然として重要な存在であり、技術を補完し、人間らしい温かみや指導力を提供する役割を果たすことが求められるでしょう。\r\n未来の教育は確実に変わるものの、人間と技術の共存が重要です。技術は教育をより効果的にし、学びをより楽しく魅力的なものにする力を持っています。しかし、教育の本質は人間の成長と発展にあります。技術をうまく活用しながら、生徒一人ひとりの個性を大切にする教育が求められるのです。',1246,'2023-07-31 12:24:41',0,'{\"totalScore\":144,\"accuracyScore\":100,\"sppedScore\":44.87961476725522,\"unjustFlag\":false}',144),(87,71,1,'近年、技術の進化は驚異的な速さで進んでおり、私たちの日常生活や教育にも大きな影響を与えています。未来の教育は、これらの技術を活用することで大きく変わるでしょう。様々な新しい学習方法が生まれ、教育の効果が飛躍的に向上する可能性があります。\r\nまず、人工知能（ＡＩ）の活用が挙げられます。ＡＩは、個々の生徒の学習レベルやペースに合わせたカリキュラムを提供することができます。教師が多様な学習スタイルに対応するのは大変な作業ですが、ＡＩなら個別のニーズに応じた指導を自動的に行えます。これにより、生徒一人ひとりの成績向上が期待できます。\r\n次に、バーチャルリアリティ（ＶＲ）と拡張現実（ＡＲ）が教育現場に革命をもたらすでしょう。ＶＲとＡＲを活用すれば、歴史上の偉人と直接対話したり、遠くの場所に仮想旅行したりできます。これにより、教科書だけでは得られなかったようなリアルな体験が可能になります。学びがより身近で魅力的なものとなるでしょう。\r\nさらに、オンライン教育の普及も未来の教育を変える一因となるでしょう。地理的な制約を超えて優れた教育を受けることができます。世界中の専門家がオンライン上で講義を行い、生徒たちは多様な知識と視点に触れることができます。また、インタラクティブなオンラインプラットフォームにより、生徒同士のディスカッションや情報交換も活発化するでしょう。\r\nしかし、技術を活用した未来の教育には注意すべき点もあります。例えば、デジタルデバイスへの依存が増すことで、情報過多になり集中力が低下する可能性があります。そのため、適切な時間管理とデジタルリテラシーの教育が重要となります。\r\nさらに、技術の進化によって一部の教師の役割が変化する可能性も考えられます。教師は依然として重要な存在であり、技術を補完し、人間らしい温かみや指導力を提供する役割を果たすことが求められるでしょう。\r\n未来の教育は確実に変わるものの、人間と技術の共存が重要です。技術は教育をより効果的にし、学びをより楽しく魅力的なものにする力を持っています。しかし、教育の本質は人間の成長と発展にあります。技術をうまく活用しながら、生徒一人ひとりの個性を大切にする教育が求められるのです。',1260,'2023-07-31 12:25:05',0,'{\"totalScore\":144,\"accuracyScore\":100,\"sppedScore\":44.38095238095238,\"unjustFlag\":false}',144),(88,72,1,'近年、技術の進化は驚異的な速さで進んでおり、私たちの日常生活や教育にも大きな影響を与えています。未来の教育は、これらの技術を活用することで大きく変わるでしょう。様々な新しい学習方法が生まれ、教育の効果が飛躍的に向上する可能性があります。\r\nまず、人工知能（ＡＩ）の活用が挙げられます。ＡＩは、個々の生徒の学習レベルやペースに合わせたカリキュラムを提供することができます。教師が多様な学習スタイルに対応するのは大変な作業ですが、ＡＩなら個別のニーズに応じた指導を自動的に行えます。これにより、生徒一人ひとりの成績向上が期待できます。\r\n次に、バーチャルリアリティ（ＶＲ）と拡張現実（ＡＲ）が教育現場に革命をもたらすでしょう。ＶＲとＡＲを活用すれば、歴史上の偉人と直接対話したり、遠くの場所に仮想旅行したりできます。これにより、教科書だけでは得られなかったようなリアルな体験が可能になります。学びがより身近で魅力的なものとなるでしょう。\r\nさらに、オンライン教育の普及も未来の教育を変える一因となるでしょう。地理的な制約を超えて優れた教育を受けることができます。世界中の専門家がオンライン上で講義を行い、生徒たちは多様な知識と視点に触れることができます。また、インタラクティブなオンラインプラットフォームにより、生徒同士のディスカッションや情報交換も活発化するでしょう。\r\nしかし、技術を活用した未来の教育には注意すべき点もあります。例えば、デジタルデバイスへの依存が増すことで、情報過多になり集中力が低下する可能性があります。そのため、適切な時間管理とデジタルリテラシーの教育が重要となります。\r\nさらに、技術の進化によって一部の教師の役割が変化する可能性も考えられます。教師は依然として重要な存在であり、技術を補完し、人間らしい温かみや指導力を提供する役割を果たすことが求められるでしょう。\r\n未来の教育は確実に変わるものの、人間と技術の共存が重要です。技術は教育をより効果的にし、学びをより楽しく魅力的なものにする力を持っています。しかし、教育の本質は人間の成長と発展にあります。技術をうまく活用しながら、生徒一人ひとりの個性を大切にする教育が求められるのです。\r\n\r\n\r\n\r\n\r\n',1294,'2023-07-31 12:25:33',0,'{\"totalScore\":143,\"accuracyScore\":100,\"sppedScore\":43.678516228748066,\"unjustFlag\":false}',143),(89,73,1,'近年、技術の進化は驚異的な速さで進んでおり、私たちの日常生活や教育にも大きな影響を与えています。未来の教育は、これらの技術を活用することで大きく変わるでしょう。様々な新しい学習方法が生まれ、教育の効果が飛躍的に向上する可能性があります。\r\nまず、人工知能（ＡＩ）の活用が挙げられます。ＡＩは、個々の生徒の学習レベルやペースに合わせたカリキュラムを提供することができます。教師が多様な学習スタイルに対応するのは大変な作業ですが、ＡＩなら個別のニーズに応じた指導を自動的に行えます。これにより、生徒一人ひとりの成績向上が期待できます。\r\n次に、バーチャルリアリティ（ＶＲ）と拡張現実（ＡＲ）が教育現場に革命をもたらすでしょう。ＶＲとＡＲを活用すれば、歴史上の偉人と直接対話したり、遠くの場所に仮想旅行したりできます。これにより、教科書だけでは得られなかったようなリアルな体験が可能になります。学びがより身近で魅力的なものとなるでしょう。\r\nさらに、オンライン教育の普及も未来の教育を変える一因となるでしょう。地理的な制約を超えて優れた教育を受けることができます。世界中の専門家がオンライン上で講義を行い、生徒たちは多様な知識と視点に触れることができます。また、インタラクティブなオンラインプラットフォームにより、生徒同士のディスカッションや情報交換も活発化するでしょう。\r\nしかし、技術を活用した未来の教育には注意すべき点もあります。例えば、デジタルデバイスへの依存が増すことで、情報過多になり集中力が低下する可能性があります。そのため、適切な時間管理とデジタルリテラシーの教育が重要となります。\r\nさらに、技術の進化によって一部の教師の役割が変化する可能性も考えられます。教師は依然として重要な存在であり、技術を補完し、人間らしい温かみや指導力を提供する役割を果たすことが求められるでしょう。\r\n未来の教育は確実に変わるものの、人間と技術の共存が重要です。技術は教育をより効果的にし、学びをより楽しく魅力的なものにする力を持っています。しかし、教育の本質は人間の成長と発展にあります。技術をうまく活用しながら、生徒一人ひとりの個性を大切にする教育が求められるのです。',1354,'2023-07-31 12:26:38',0,'{\"totalScore\":141,\"accuracyScore\":100,\"sppedScore\":41.29985228951256,\"unjustFlag\":false}',141),(90,74,1,'近年、技術の進化は驚異的な速さで進んでおり、私たちの日常生活や教育にも大きな影響を与えています。未来の教育は、これらの技術を活用することで大きく変わるでしょう。様々な新しい学習方法が生まれ、教育の効果が飛躍的に向上する可能性があります。\r\nまず、人工知能（ＡＩ）の活用が挙げられます。ＡＩは、個々の生徒の学習レベルやペースに合わせたカリキュラムを提供することができます。教師が多様な学習スタイルに対応するのは大変な作業ですが、ＡＩなら個別のニーズに応じた指導を自動的に行えます。これにより、生徒一人ひとりの成績向上が期待できます。\r\n次に、バーチャルリアリティ（ＶＲ）と拡張現実（ＡＲ）が教育現場に革命をもたらすでしょう。ＶＲとＡＲを活用すれば、歴史上の偉人と直接対話したり、遠くの場所に仮想旅行したりできます。これにより、教科書だけでは得られなかったようなリアルな体験が可能になります。学びがより身近で魅力的なものとなるでしょう。\r\nさらに、オンライン教育の普及も未来の教育を変える一因となるでしょう。地理的な制約を超えて優れた教育を受けることができます。世界中の専門家がオンライン上で講義を行い、生徒たちは多様な知識と視点に触れることができます。また、インタラクティブなオンラインプラットフォームにより、生徒同士のディスカッションや情報交換も活発化するでしょう。\r\nしかし、技術を活用した未来の教育には注意すべき点もあります。例えば、デジタルデバイスへの依存が増すことで、情報過多になり集中力が低下する可能性があります。そのため、適切な時間管理とデジタルリテラシーの教育が重要となります。\r\nさらに、技術の進化によって一部の教師の役割が変化する可能性も考えられます。教師は依然として重要な存在であり、技術を補完し、人間らしい温かみや指導力を提供する役割を果たすことが求められるでしょう。\r\n未来の教育は確実に変わるものの、人間と技術の共存が重要です。技術は教育をより効果的にし、学びをより楽しく魅力的なものにする力を持っています。しかし、教育の本質は人間の成長と発展にあります。技術をうまく活用しながら、生徒一人ひとりの個性を大切にする教育が求められるのです。',1391,'2023-07-31 12:27:13',0,'{\"totalScore\":140,\"accuracyScore\":100,\"sppedScore\":40.201294033069736,\"unjustFlag\":false}',140),(91,75,1,'近年、技術の進化は驚異的な速さで進んでおり、私たちの日常生活や教育にも大きな影響を与えています。未来の教育は、これらの技術を活用することで大きく変わるでしょう。様々な新しい学習方法が生まれ、教育の効果が飛躍的に向上する可能性があります。\r\nまず、人工知能（ＡＩ）の活用が挙げられます。ＡＩは、個々の生徒の学習レベルやペースに合わせたカリキュラムを提供することができます。教師が多様な学習スタイルに対応するのは大変な作業ですが、ＡＩなら個別のニーズに応じた指導を自動的に行えます。これにより、生徒一人ひとりの成績向上が期待できます。\r\n次に、バーチャルリアリティ（ＶＲ）と拡張現実（ＡＲ）が教育現場に革命をもたらすでしょう。ＶＲとＡＲを活用すれば、歴史上の偉人と直接対話したり、遠くの場所に仮想旅行したりできます。これにより、教科書だけでは得られなかったようなリアルな体験が可能になります。学びがより身近で魅力的なものとなるでしょう。\r\nさらに、オンライン教育の普及も未来の教育を変える一因となるでしょう。地理的な制約を超えて優れた教育を受けることができます。世界中の専門家がオンライン上で講義を行い、生徒たちは多様な知識と視点に触れることができます。また、インタラクティブなオンラインプラットフォームにより、生徒同士のディスカッションや情報交換も活発化するでしょう。\r\nしかし、技術を活用した未来の教育には注意すべき点もあります。例えば、デジタルデバイスへの依存が増すことで、情報過多になり集中力が低下する可能性があります。そのため、適切な時間管理とデジタルリテラシーの教育が重要となります。\r\nさらに、技術の進化によって一部の教師の役割が変化する可能性も考えられます。教師は依然として重要な存在であり、技術を補完し、人間らしい温かみや指導力を提供する役割を果たすことが求められるでしょう。\r\n未来の教育は確実に変わるものの、人間と技術の共存が重要です。技術は教育をより効果的にし、学びをより楽しく魅力的なものにする力を持っています。しかし、教育の本質は人間の成長と発展にあります。技術をうまく活用しながら、生徒一人ひとりの個性を大切にする教育が求められるのです。',1423,'2023-07-31 12:28:17',0,'{\"totalScore\":139,\"accuracyScore\":100,\"sppedScore\":39.29725931131413,\"unjustFlag\":false}',139),(92,76,1,'近年、技術の進化は驚異的な速さで進んでおり、私たちの日常生活や教育にも大きな影響を与えています。未来の教育は、これらの技術を活用することで大きく変わるでしょう。様々な新しい学習方法が生まれ、教育の効果が飛躍的に向上する可能性があります。\r\nまず、人工知能（ＡＩ）の活用が挙げられます。ＡＩは、個々の生徒の学習レベルやペースに合わせたカリキュラムを提供することができます。教師が多様な学習スタイルに対応するのは大変な作業ですが、ＡＩなら個別のニーズに応じた指導を自動的に行えます。これにより、生徒一人ひとりの成績向上が期待できます。\r\n次に、バーチャルリアリティ（ＶＲ）と拡張現実（ＡＲ）が教育現場に革命をもたらすでしょう。ＶＲとＡＲを活用すれば、歴史上の偉人と直接対話したり、遠くの場所に仮想旅行したりできます。これにより、教科書だけでは得られなかったようなリアルな体験が可能になります。学びがより身近で魅力的なものとなるでしょう。\r\nさらに、オンライン教育の普及も未来の教育を変える一因となるでしょう。地理的な制約を超えて優れた教育を受けることができます。世界中の専門家がオンライン上で講義を行い、生徒たちは多様な知識と視点に触れることができます。また、インタラクティブなオンラインプラットフォームにより、生徒同士のディスカッションや情報交換も活発化するでしょう。\r\nしかし、技術を活用した未来の教育には注意すべき点もあります。例えば、デジタルデバイスへの依存が増すことで、情報過多になり集中力が低下する可能性があります。そのため、適切な時間管理とデジタルリテラシーの教育が重要となります。\r\nさらに、技術の進化によって一部の教師の役割が変化する可能性も考えられます。教師は依然として重要な存在であり、技術を補完し、人間らしい温かみや指導力を提供する役割を果たすことが求められるでしょう。\r\n未来の教育は確実に変わるものの、人間と技術の共存が重要です。技術は教育をより効果的にし、学びをより楽しく魅力的なものにする力を持っています。しかし、教育の本質は人間の成長と発展にあります。技術をうまく活用しながら、生徒一人ひとりの個性を大切にする教育が求められるのです。',1469,'2023-07-31 12:28:24',0,'{\"totalScore\":138,\"accuracyScore\":100,\"sppedScore\":38.066712049012935,\"unjustFlag\":false}',138),(93,77,1,'近年、技術の進化は驚異的な速さで進んでおり、私たちの日常生活や教育にも大きな影響を与えています。未来の教育は、これらの技術を活用することで大きく変わるでしょう。様々な新しい学習方法が生まれ、教育の効果が飛躍的に向上する可能性があります。\r\nまず、人工知能（ＡＩ）の活用が挙げられます。ＡＩは、個々の生徒の学習レベルやペースに合わせたカリキュラムを提供することができます。教師が多様な学習スタイルに対応するのは大変な作業ですが、ＡＩなら個別のニーズに応じた指導を自動的に行えます。これにより、生徒一人ひとりの成績向上が期待できます。\r\n次に、バーチャルリアリティ（ＶＲ）と拡張現実（ＡＲ）が教育現場に革命をもたらすでしょう。ＶＲとＡＲを活用すれば、歴史上の偉人と直接対話したり、遠くの場所に仮想旅行したりできます。これにより、教科書だけでは得られなかったようなリアルな体験が可能になります。学びがより身近で魅力的なものとなるでしょう。\r\nさらに、オンライン教育の普及も未来の教育を変える一因となるでしょう。地理的な制約を超えて優れた教育を受けることができます。世界中の専門家がオンライン上で講義を行い、生徒たちは多様な知識と視点に触れることができます。また、インタラクティブなオンラインプラットフォームにより、生徒同士のディスカッションや情報交換も活発化するでしょう。\r\nしかし、技術を活用した未来の教育には注意すべき点もあります。例えば、デジタルデバイスへの依存が増すことで、情報過多になり集中力が低下する可能性があります。そのため、適切な時間管理とデジタルリテラシーの教育が重要となります。\r\nさらに、技術の進化によって一部の教師の役割が変化する可能性も考えられます。教師は依然として重要な存在であり、技術を補完し、人間らしい温かみや指導力を提供する役割を果たすことが求められるでしょう。\r\n未来の教育は確実に変わるものの、人間と技術の共存が重要です。技術は教育をより効果的にし、学びをより楽しく魅力的なものにする力を持っています。しかし、教育の本質は人間の成長と発展にあります。技術をうまく活用しながら、生徒一人ひとりの個性を大切にする教育が求められるのです。',1491,'2023-07-31 12:28:47',0,'{\"totalScore\":137,\"accuracyScore\":100,\"sppedScore\":37.50503018108652,\"unjustFlag\":false}',137),(94,78,1,'近年、技術の進化は驚異的な速さで進んでおり、私たちの日常生活や教育にも大きな影響を与えています。未来の教育は、これらの技術を活用することで大きく変わるでしょう。様々な新しい学習方法が生まれ、教育の効果が飛躍的に向上する可能性があります。\r\nまず、人工知能（ＡＩ）の活用が挙げられます。ＡＩは、個々の生徒の学習レベルやペースに合わせたカリキュラムを提供することができます。教師が多様な学習スタイルに対応するのは大変な作業ですが、ＡＩなら個別のニーズに応じた指導を自動的に行えます。これにより、生徒一人ひとりの成績向上が期待できます。\r\n次に、バーチャルリアリティ（ＶＲ）と拡張現実（ＡＲ）が教育現場に革命をもたらすでしょう。ＶＲとＡＲを活用すれば、歴史上の偉人と直接対話したり、遠くの場所に仮想旅行したりできます。これにより、教科書だけでは得られなかったようなリアルな体験が可能になります。学びがより身近で魅力的なものとなるでしょう。\r\nさらに、オンライン教育の普及も未来の教育を変える一因となるでしょう。地理的な制約を超えて優れた教育を受けることができます。世界中の専門家がオンライン上で講義を行い、生徒たちは多様な知識と視点に触れることができます。また、インタラクティブなオンラインプラットフォームにより、生徒同士のディスカッションや情報交換も活発化するでしょう。\r\nしかし、技術を活用した未来の教育には注意すべき点もあります。例えば、デジタルデバイスへの依存が増すことで、情報過多になり集中力が低下する可能性があります。そのため、適切な時間管理とデジタルリテラシーの教育が重要となります。\r\nさらに、技術の進化によって一部の教師の役割が変化する可能性も考えられます。教師は依然として重要な存在であり、技術を補完し、人間らしい温かみや指導力を提供する役割を果たすことが求められるでしょう。\r\n未来の教育は確実に変わるものの、人間と技術の共存が重要です。技術は教育をより効果的にし、学びをより楽しく魅力的なものにする力を持っています。しかし、教育の本質は人間の成長と発展にあります。技術をうまく活用しながら、生徒一人ひとりの個性を大切にする教育が求められるのです。',1184,'2023-07-31 12:29:04',0,'{\"totalScore\":147,\"accuracyScore\":100,\"sppedScore\":47.229729729729726,\"unjustFlag\":false}',147),(95,79,1,'近年、技術の進化は驚異的な速さで進んでおり、私たちの日常生活や教育にも大きな影響を与えています。未来の教育は、これらの技術を活用することで大きく変わるでしょう。様々な新しい学習方法が生まれ、教育の効果が飛躍的に向上する可能性があります。\r\nまず、人工知能（ＡＩ）の活用が挙げられます。ＡＩは、個々の生徒の学習レベルやペースに合わせたカリキュラムを提供することができます。教師が多様な学習スタイルに対応するのは大変な作業ですが、ＡＩなら個別のニーズに応じた指導を自動的に行えます。これにより、生徒一人ひとりの成績向上が期待できます。\r\n次に、バーチャルリアリティ（ＶＲ）と拡張現実（ＡＲ）が教育現場に革命をもたらすでしょう。ＶＲとＡＲを活用すれば、歴史上の偉人と直接対話したり、遠くの場所に仮想旅行したりできます。これにより、教科書だけでは得られなかったようなリアルな体験が可能になります。学びがより身近で魅力的なものとなるでしょう。\r\nさらに、オンライン教育の普及も未来の教育を変える一因となるでしょう。地理的な制約を超えて優れた教育を受けることができます。世界中の専門家がオンライン上で講義を行い、生徒たちは多様な知識と視点に触れることができます。また、インタラクティブなオンラインプラットフォームにより、生徒同士のディスカッションや情報交換も活発化するでしょう。\r\nしかし、技術を活用した未来の教育には注意すべき点もあります。例えば、デジタルデバイスへの依存が増すことで、情報過多になり集中力が低下する可能性があります。そのため、適切な時間管理とデジタルリテラシーの教育が重要となります。\r\nさらに、技術の進化によって一部の教師の役割が変化する可能性も考えられます。教師は依然として重要な存在であり、技術を補完し、人間らしい温かみや指導力を提供する役割を果たすことが求められるでしょう。\r\n未来の教育は確実に変わるものの、人間と技術の共存が重要です。技術は教育をより効果的にし、学びをより楽しく魅力的なものにする力を持っています。しかし、教育の本質は人間の成長と発展にあります。技術をうまく活用しながら、生徒一人ひとりの個性を大切にする教育が求められるのです。',997,'2023-07-31 12:29:11',0,'{\"totalScore\":156,\"accuracyScore\":100,\"sppedScore\":56.08826479438315,\"unjustFlag\":false}',156),(96,80,1,'近年、技術の進化は驚異的な速さで進んでおり、私たちの日常生活や教育にも大きな影響を与えています。未来の教育は、これらの技術を活用することで大きく変わるでしょう。様々な新しい学習方法が生まれ、教育の効果が飛躍的に向上する可能性があります。\r\nまず、人工知能（ＡＩ）の活用が挙げられます。ＡＩは、個々の生徒の学習レベルやペースに合わせたカリキュラムを提供することができます。教師が多様な学習スタイルに対応するのは大変な作業ですが、ＡＩなら個別のニーズに応じた指導を自動的に行えます。これにより、生徒一人ひとりの成績向上が期待できます。\r\n次に、バーチャルリアリティ（ＶＲ）と拡張現実（ＡＲ）が教育現場に革命をもたらすでしょう。ＶＲとＡＲを活用すれば、歴史上の偉人と直接対話したり、遠くの場所に仮想旅行したりできます。これにより、教科書だけでは得られなかったようなリアルな体験が可能になります。学びがより身近で魅力的なものとなるでしょう。\r\nさらに、オンライン教育の普及も未来の教育を変える一因となるでしょう。地理的な制約を超えて優れた教育を受けることができます。世界中の専門家がオンライン上で講義を行い、生徒たちは多様な知識と視点に触れることができます。また、インタラクティブなオンラインプラットフォームにより、生徒同士のディスカッションや情報交換も活発化するでしょう。\r\nしかし、技術を活用した未来の教育には注意すべき点もあります。例えば、デジタルデバイスへの依存が増すことで、情報過多になり集中力が低下する可能性があります。そのため、適切な時間管理とデジタルリテラシーの教育が重要となります。\r\nさらに、技術の進化によって一部の教師の役割が変化する可能性も考えられます。教師は依然として重要な存在であり、技術を補完し、人間らしい温かみや指導力を提供する役割を果たすことが求められるでしょう。\r\n未来の教育は確実に変わるものの、人間と技術の共存が重要です。技術は教育をより効果的にし、学びをより楽しく魅力的なものにする力を持っています。しかし、教育の本質は人間の成長と発展にあります。技術をうまく活用しながら、生徒一人ひとりの個性を大切にする教育が求められるのです。',1645,'2023-07-31 12:31:23',0,'{\"totalScore\":133,\"accuracyScore\":100,\"sppedScore\":33.993920972644375,\"unjustFlag\":false}',133),(97,81,1,'近年、技術の進化は驚異的な速さで進んでおり、私たちの日常生活や教育にも大きな影響を与えています。未来の教育は、これらの技術を活用することで大きく変わるでしょう。様々な新しい学習方法が生まれ、教育の効果が飛躍的に向上する可能性があります。\r\nまず、人工知能（ＡＩ）の活用が挙げられます。ＡＩは、個々の生徒の学習レベルやペースに合わせたカリキュラムを提供することができます。教師が多様な学習スタイルに対応するのは大変な作業ですが、ＡＩなら個別のニーズに応じた指導を自動的に行えます。これにより、生徒一人ひとりの成績向上が期待できます。\r\n次に、バーチャルリアリティ（ＶＲ）と拡張現実（ＡＲ）が教育現場に革命をもたらすでしょう。ＶＲとＡＲを活用すれば、歴史上の偉人と直接対話したり、遠くの場所に仮想旅行したりできます。これにより、教科書だけでは得られなかったようなリアルな体験が可能になります。学びがより身近で魅力的なものとなるでしょう。\r\nさらに、オンライン教育の普及も未来の教育を変える一因となるでしょう。地理的な制約を超えて優れた教育を受けることができます。世界中の専門家がオンライン上で講義を行い、生徒たちは多様な知識と視点に触れることができます。また、インタラクティブなオンラインプラットフォームにより、生徒同士のディスカッションや情報交換も活発化するでしょう。\r\nしかし、技術を活用した未来の教育には注意すべき点もあります。例えば、デジタルデバイスへの依存が増すことで、情報過多になり集中力が低下する可能性があります。そのため、適切な時間管理とデジタルリテラシーの教育が重要となります。\r\nさらに、技術の進化によって一部の教師の役割が変化する可能性も考えられます。教師は依然として重要な存在であり、技術を補完し、人間らしい温かみや指導力を提供する役割を果たすことが求められるでしょう。\r\n未来の教育は確実に変わるものの、人間と技術の共存が重要です。技術は教育をより効果的にし、学びをより楽しく魅力的なものにする力を持っています。しかし、教育の本質は人間の成長と発展にあります。技術をうまく活用しながら、生徒一人ひとりの個性を大切にする教育が求められるのです。',1378,'2023-07-31 12:32:22',0,'{\"totalScore\":140,\"accuracyScore\":100,\"sppedScore\":40.580551523947754,\"unjustFlag\":false}',140),(98,82,1,'近年、技術の進化は驚異的な速さで進んでおり、私たちの日常生活や教育にも大きな影響を与えています。未来の教育は、これらの技術を活用することで大きく変わるでしょう。様々な新しい学習方法が生まれ、教育の効果が飛躍的に向上する可能性があります。\r\nまず、人工知能（ＡＩ）の活用が挙げられます。ＡＩは、個々の生徒の学習レベルやペースに合わせたカリキュラムを提供することができます。教師が多様な学習スタイルに対応するのは大変な作業ですが、ＡＩなら個別のニーズに応じた指導を自動的に行えます。これにより、生徒一人ひとりの成績向上が期待できます。\r\n次に、バーチャルリアリティ（ＶＲ）と拡張現実（ＡＲ）が教育現場に革命をもたらすでしょう。ＶＲとＡＲを活用すれば、歴史上の偉人と直接対話したり、遠くの場所に仮想旅行したりできます。これにより、教科書だけでは得られなかったようなリアルな体験が可能になります。学びがより身近で魅力的なものとなるでしょう。\r\nさらに、オンライン教育の普及も未来の教育を変える一因となるでしょう。地理的な制約を超えて優れた教育を受けることができます。世界中の専門家がオンライン上で講義を行い、生徒たちは多様な知識と視点に触れることができます。また、インタラクティブなオンラインプラットフォームにより、生徒同士のディスカッションや情報交換も活発化するでしょう。\r\nしかし、技術を活用した未来の教育には注意すべき点もあります。例えば、デジタルデバイスへの依存が増すことで、情報過多になり集中力が低下する可能性があります。そのため、適切な時間管理とデジタルリテラシーの教育が重要となります。\r\nさらに、技術の進化によって一部の教師の役割が変化する可能性も考えられます。教師は依然として重要な存在であり、技術を補完し、人間らしい温かみや指導力を提供する役割を果たすことが求められるでしょう。\r\n未来の教育は確実に変わるものの、人間と技術の共存が重要です。技術は教育をより効果的にし、学びをより楽しく魅力的なものにする力を持っています。しかし、教育の本質は人間の成長と発展にあります。技術をうまく活用しながら、生徒一人ひとりの個性を大切にする教育が求められるのです。',1808,'2023-07-31 12:34:28',0,'{\"totalScore\":130,\"accuracyScore\":100,\"sppedScore\":30.92920353982301,\"unjustFlag\":false}',130),(99,83,1,'近年、技術の進化は驚異的な速さで進んでおり、私たちの日常生活や教育にも大きな影響を与えています。未来の教育は、これらの技術を活用することで大きく変わるでしょう。様々な新しい学習方法が生まれ、教育の効果が飛躍的に向上する可能性があります。\r\nまず、人工知能（ＡＩ）の活用が挙げられます。ＡＩは、個々の生徒の学習レベルやペースに合わせたカリキュラムを提供することができます。教師が多様な学習スタイルに対応するのは大変な作業ですが、ＡＩなら個別のニーズに応じた指導を自動的に行えます。これにより、生徒一人ひとりの成績向上が期待できます。\r\n次に、バーチャルリアリティ（ＶＲ）と拡張現実（ＡＲ）が教育現場に革命をもたらすでしょう。ＶＲとＡＲを活用すれば、歴史上の偉人と直接対話したり、遠くの場所に仮想旅行したりできます。これにより、教科書だけでは得られなかったようなリアルな体験が可能になります。学びがより身近で魅力的なものとなるでしょう。\r\nさらに、オンライン教育の普及も未来の教育を変える一因となるでしょう。地理的な制約を超えて優れた教育を受けることができます。世界中の専門家がオンライン上で講義を行い、生徒たちは多様な知識と視点に触れることができます。また、インタラクティブなオンラインプラットフォームにより、生徒同士のディスカッションや情報交換も活発化するでしょう。\r\nしかし、技術を活用した未来の教育には注意すべき点もあります。例えば、デジタルデバイスへの依存が増すことで、情報過多になり集中力が低下する可能性があります。そのため、適切な時間管理とデジタルリテラシーの教育が重要となります。\r\nさらに、技術の進化によって一部の教師の役割が変化する可能性も考えられます。教師は依然として重要な存在であり、技術を補完し、人間らしい温かみや指導力を提供する役割を果たすことが求められるでしょう。\r\n未来の教育は確実に変わるものの、人間と技術の共存が重要です。技術は教育をより効果的にし、学びをより楽しく魅力的なものにする力を持っています。しかし、教育の本質は人間の成長と発展にあります。技術をうまく活用しながら、生徒一人ひとりの個性を大切にする教育が求められるのです。',2095,'2023-07-31 12:39:03',0,'{\"totalScore\":126,\"accuracyScore\":100,\"sppedScore\":26.692124105011935,\"unjustFlag\":false}',126),(100,84,1,'近年、技術の進化は驚異的な速さで進んでおり、私たちの日常生活や教育にも大きな影響を与えています。未来の教育は、これらの技術を活用することで大きく変わるでしょう。様々な新しい学習方法が生まれ、教育の効果が飛躍的に向上する可能性があります。\r\nまず、人工知能（ＡＩ）の活用が挙げられます。ＡＩは、個々の生徒の学習レベルやペースに合わせたカリキュラムを提供することができます。教師が多様な学習スタイルに対応するのは大変な作業ですが、ＡＩなら個別のニーズに応じた指導を自動的に行えます。これにより、生徒一人ひとりの成績向上が期待できます。\r\n次に、バーチャルリアリティ（ＶＲ）と拡張現実（ＡＲ）が教育現場に革命をもたらすでしょう。ＶＲとＡＲを活用すれば、歴史上の偉人と直接対話したり、遠くの場所に仮想旅行したりできます。これにより、教科書だけでは得られなかったようなリアルな体験が可能になります。学びがより身近で魅力的なものとなるでしょう。\r\nさらに、オンライン教育の普及も未来の教育を変える一因となるでしょう。地理的な制約を超えて優れた教育を受けることができます。世界中の専門家がオンライン上で講義を行い、生徒たちは多様な知識と視点に触れることができます。また、インタラクティブなオンラインプラットフォームにより、生徒同士のディスカッションや情報交換も活発化するでしょう。\r\nしかし、技術を活用した未来の教育には注意すべき点もあります。例えば、デジタルデバイスへの依存が増すことで、情報過多になり集中力が低下する可能性があります。そのため、適切な時間管理とデジタルリテラシーの教育が重要となります。\r\nさらに、技術の進化によって一部の教師の役割が変化する可能性も考えられます。教師は依然として重要な存在であり、技術を補完し、人間らしい温かみや指導力を提供する役割を果たすことが求められるでしょう。\r\n未来の教育は確実に変わるものの、人間と技術の共存が重要です。技術は教育をより効果的にし、学びをより楽しく魅力的なものにする力を持っています。しかし、教育の本質は人間の成長と発展にあります。技術をうまく活用しながら、生徒一人ひとりの個性を大切にする教育が求められるのです。',1875,'2023-07-31 12:40:34',0,'{\"totalScore\":129,\"accuracyScore\":100,\"sppedScore\":29.824,\"unjustFlag\":false}',129);
/*!40000 ALTER TABLE `ans_history_tbl` ENABLE KEYS */;
UNLOCK TABLES;

--
-- Table structure for table `ans_tbl`
--

DROP TABLE IF EXISTS `ans_tbl`;
/*!40101 SET @saved_cs_client     = @@character_set_client */;
 SET character_set_client = utf8mb4 ;
CREATE TABLE `ans_tbl` (
  `ansid` int(11) NOT NULL AUTO_INCREMENT,
  `uid` int(11) NOT NULL,
  `eqid` int(11) NOT NULL,
  `score` int(11) NOT NULL COMMENT '得点\n最後の１回分のみ',
  `submit_count` int(11) NOT NULL COMMENT '提出回数',
  PRIMARY KEY (`ansid`),
  UNIQUE KEY `uq_ueq` (`uid`,`eqid`),
  KEY `eqid` (`eqid`),
  CONSTRAINT `ans_tbl_ibfk_1` FOREIGN KEY (`eqid`) REFERENCES `event_question` (`eqid`) ON DELETE RESTRICT ON UPDATE RESTRICT,
  CONSTRAINT `ans_tbl_ibfk_2` FOREIGN KEY (`uid`) REFERENCES `user_tbl` (`uid`) ON DELETE RESTRICT ON UPDATE RESTRICT
) ENGINE=InnoDB AUTO_INCREMENT=85 DEFAULT CHARSET=utf8mb4 COLLATE=utf8mb4_0900_ai_ci;
/*!40101 SET character_set_client = @saved_cs_client */;

--
-- Dumping data for table `ans_tbl`
--

LOCK TABLES `ans_tbl` WRITE;
/*!40000 ALTER TABLE `ans_tbl` DISABLE KEYS */;
INSERT INTO `ans_tbl` VALUES (1,2,1,166,3),(2,2,2,149,1),(3,1,1,127,3),(4,2,4,0,1),(5,1,6,0,1),(6,50,1,144,3),(7,43,1,127,2),(8,16,1,166,6),(9,29,1,132,1),(10,44,1,126,1),(11,17,1,111,2),(12,35,1,128,1),(13,49,1,131,1),(14,25,1,130,1),(15,27,1,128,1),(16,52,1,122,1),(17,28,1,120,1),(18,33,1,118,1),(19,40,1,118,1),(20,31,1,131,1),(21,48,1,113,1),(22,22,1,138,2),(23,53,1,83,1),(24,36,1,113,1),(25,46,1,73,1),(26,19,1,109,1),(27,47,1,117,1),(28,26,1,144,2),(29,18,1,108,1),(30,34,1,108,1),(31,54,1,109,1),(32,41,1,107,1),(33,20,1,73,1),(34,23,1,106,1),(35,37,1,105,1),(36,27,12,191,1),(37,49,12,176,1),(38,31,12,163,1),(39,44,12,158,1),(40,17,12,158,1),(41,29,12,148,1),(42,34,12,148,1),(43,26,12,148,1),(44,50,12,147,1),(45,52,12,145,1),(46,22,12,144,1),(47,41,12,144,1),(48,28,12,142,1),(49,19,12,138,1),(50,40,12,135,1),(51,33,12,132,1),(52,23,12,130,1),(53,43,12,127,1),(54,53,12,128,1),(55,54,12,125,1),(56,32,12,125,1),(57,18,12,125,1),(58,46,12,124,1),(59,36,12,122,1),(60,20,12,122,1),(61,16,12,121,1),(62,35,12,120,1),(63,24,12,117,1),(64,37,12,118,1),(65,47,12,116,1),(66,15,1,186,2),(67,16,13,167,1),(68,19,13,166,1),(69,24,13,156,1),(70,21,13,144,1),(71,34,13,144,1),(72,35,13,143,1),(73,30,13,141,1),(74,31,13,140,1),(75,43,13,139,1),(76,26,13,138,1),(77,54,13,137,1),(78,25,13,147,1),(79,32,13,156,1),(80,15,13,133,1),(81,29,13,140,1),(82,20,13,130,1),(83,17,13,126,1),(84,22,13,129,1);
/*!40000 ALTER TABLE `ans_tbl` ENABLE KEYS */;
UNLOCK TABLES;

--
-- Table structure for table `ans_tmp_tbl`
--

DROP TABLE IF EXISTS `ans_tmp_tbl`;
/*!40101 SET @saved_cs_client     = @@character_set_client */;
 SET character_set_client = utf8mb4 ;
CREATE TABLE `ans_tmp_tbl` (
  `token` varchar(64) NOT NULL COMMENT 'トークン',
  `start_time` datetime DEFAULT NULL COMMENT '開始時刻',
  `uid` int(11) NOT NULL,
  `eqid` int(11) NOT NULL,
  PRIMARY KEY (`token`)
) ENGINE=InnoDB DEFAULT CHARSET=utf8mb4 COLLATE=utf8mb4_0900_ai_ci;
/*!40101 SET character_set_client = @saved_cs_client */;

--
-- Dumping data for table `ans_tmp_tbl`
--

LOCK TABLES `ans_tmp_tbl` WRITE;
/*!40000 ALTER TABLE `ans_tmp_tbl` DISABLE KEYS */;
/*!40000 ALTER TABLE `ans_tmp_tbl` ENABLE KEYS */;
UNLOCK TABLES;

--
-- Table structure for table `event_question`
--

DROP TABLE IF EXISTS `event_question`;
/*!40101 SET @saved_cs_client     = @@character_set_client */;
 SET character_set_client = utf8mb4 ;
CREATE TABLE `event_question` (
  `eqid` int(11) NOT NULL AUTO_INCREMENT,
  `no` int(11) NOT NULL COMMENT 'イベント内での問題番号',
  `eid` int(11) DEFAULT NULL COMMENT '練習問題の場合はnullで登録',
  `qid` int(11) NOT NULL,
  PRIMARY KEY (`eqid`),
  UNIQUE KEY `eidqid` (`eid`,`qid`),
  KEY `qid` (`qid`),
  CONSTRAINT `event_question_ibfk_1` FOREIGN KEY (`eid`) REFERENCES `event_tbl` (`eid`) ON DELETE RESTRICT ON UPDATE RESTRICT,
  CONSTRAINT `event_question_ibfk_2` FOREIGN KEY (`qid`) REFERENCES `question_tbl` (`qid`) ON DELETE RESTRICT ON UPDATE RESTRICT
) ENGINE=InnoDB AUTO_INCREMENT=15 DEFAULT CHARSET=utf8mb4 COLLATE=utf8mb4_0900_ai_ci;
/*!40101 SET character_set_client = @saved_cs_client */;

--
-- Dumping data for table `event_question`
--

LOCK TABLES `event_question` WRITE;
/*!40000 ALTER TABLE `event_question` DISABLE KEYS */;
INSERT INTO `event_question` VALUES (1,0,NULL,1),(2,1,1,2),(3,2,1,3),(4,0,NULL,4),(5,0,NULL,5),(6,0,NULL,7),(12,1,2,9),(13,2,2,11),(14,3,2,12);
/*!40000 ALTER TABLE `event_question` ENABLE KEYS */;
UNLOCK TABLES;

--
-- Table structure for table `event_tbl`
--

DROP TABLE IF EXISTS `event_tbl`;
/*!40101 SET @saved_cs_client     = @@character_set_client */;
 SET character_set_client = utf8mb4 ;
CREATE TABLE `event_tbl` (
  `eid` int(11) NOT NULL AUTO_INCREMENT,
  `name` varchar(256) NOT NULL COMMENT 'イベント名',
  `public_date` datetime NOT NULL COMMENT '公開日時',
  `start_date` datetime NOT NULL COMMENT 'イベントの開始日',
  `finish_date` datetime NOT NULL COMMENT '終了日時',
  `public_end_date` datetime NOT NULL COMMENT '公開終了日時',
  `ower_name` varchar(256) NOT NULL COMMENT '主催者名',
  `rankingdisplay` int(11) NOT NULL COMMENT 'ランキング表示フラグ\n0:参加者に見せない\n1:参加者にも見せる',
  `hiderankingtime` int(11) NOT NULL COMMENT 'ランキングを隠すタイミング',
  `filter` varchar(256) DEFAULT NULL COMMENT '公開相手を限定したいときに使用する\n公開したいメールアドレスのフィルターを正規表現で記載する',
  PRIMARY KEY (`eid`)
) ENGINE=InnoDB AUTO_INCREMENT=3 DEFAULT CHARSET=utf8mb4 COLLATE=utf8mb4_0900_ai_ci;
/*!40101 SET character_set_client = @saved_cs_client */;

--
-- Dumping data for table `event_tbl`
--

LOCK TABLES `event_tbl` WRITE;
/*!40000 ALTER TABLE `event_tbl` DISABLE KEYS */;
INSERT INTO `event_tbl` VALUES (1,'テストイベント','2023-03-10 17:09:00','2023-03-10 17:08:00','2023-03-31 17:09:00','2023-07-27 23:59:00','西野',1,10,'.*@s.asojuku.ac.jp'),(2,'ビジネススキルコンテストデモ','2023-07-31 11:30:00','2023-07-31 11:59:00','2023-07-31 12:50:00','9999-12-31 23:59:00','麻生情報ビジネス専門学校',0,0,'.*');
/*!40000 ALTER TABLE `event_tbl` ENABLE KEYS */;
UNLOCK TABLES;

--
-- Table structure for table `event_user`
--

DROP TABLE IF EXISTS `event_user`;
/*!40101 SET @saved_cs_client     = @@character_set_client */;
 SET character_set_client = utf8mb4 ;
CREATE TABLE `event_user` (
  `euid` int(11) NOT NULL AUTO_INCREMENT,
  `uid` int(11) NOT NULL,
  `eid` int(11) NOT NULL,
  `del_flg` int(11) NOT NULL COMMENT '削除フラグ',
  PRIMARY KEY (`euid`),
  KEY `eid` (`eid`),
  KEY `uid` (`uid`),
  CONSTRAINT `event_user_ibfk_1` FOREIGN KEY (`eid`) REFERENCES `event_tbl` (`eid`) ON DELETE RESTRICT ON UPDATE RESTRICT,
  CONSTRAINT `event_user_ibfk_2` FOREIGN KEY (`uid`) REFERENCES `user_tbl` (`uid`) ON DELETE RESTRICT ON UPDATE RESTRICT
) ENGINE=InnoDB AUTO_INCREMENT=42 DEFAULT CHARSET=utf8mb4 COLLATE=utf8mb4_0900_ai_ci;
/*!40101 SET character_set_client = @saved_cs_client */;

--
-- Dumping data for table `event_user`
--

LOCK TABLES `event_user` WRITE;
/*!40000 ALTER TABLE `event_user` DISABLE KEYS */;
INSERT INTO `event_user` VALUES (1,2,1,0),(2,3,1,0),(3,4,1,0),(4,5,1,0),(5,6,1,0),(6,2,2,0),(7,43,2,0),(8,25,2,0),(9,26,2,0),(10,29,2,0),(11,52,2,0),(12,34,2,0),(13,36,2,0),(14,44,2,0),(15,31,2,0),(16,20,2,0),(17,53,2,0),(18,19,2,0),(19,40,2,0),(20,37,2,0),(21,24,2,0),(22,32,2,0),(23,49,2,0),(24,18,2,0),(25,33,2,0),(26,54,2,0),(27,47,2,0),(28,35,2,0),(29,17,2,0),(30,41,2,0),(31,23,2,0),(32,48,2,0),(33,50,2,0),(34,46,2,0),(35,16,2,0),(36,27,2,0),(37,22,2,0),(38,28,2,0),(39,30,2,0),(40,21,2,0),(41,15,2,0);
/*!40000 ALTER TABLE `event_user` ENABLE KEYS */;
UNLOCK TABLES;

--
-- Table structure for table `question_tbl`
--

DROP TABLE IF EXISTS `question_tbl`;
/*!40101 SET @saved_cs_client     = @@character_set_client */;
 SET character_set_client = utf8mb4 ;
CREATE TABLE `question_tbl` (
  `qid` int(11) NOT NULL AUTO_INCREMENT,
  `title` varchar(256) NOT NULL COMMENT 'タイトル',
  `sentence` varchar(10000) NOT NULL COMMENT '問題の文章',
  `practiceflg` int(11) NOT NULL COMMENT '0:本番用問題\n1:練習用問題',
  `difficalty` int(11) NOT NULL COMMENT '難易度',
  `count` int(11) NOT NULL COMMENT '問題文の文字数',
  `create_date` datetime NOT NULL COMMENT '問題の作成日',
  `update_date` datetime NOT NULL COMMENT '更新日',
  PRIMARY KEY (`qid`)
) ENGINE=InnoDB AUTO_INCREMENT=13 DEFAULT CHARSET=utf8mb4 COLLATE=utf8mb4_0900_ai_ci;
/*!40101 SET character_set_client = @saved_cs_client */;

--
-- Dumping data for table `question_tbl`
--

LOCK TABLES `question_tbl` WRITE;
/*!40000 ALTER TABLE `question_tbl` DISABLE KEYS */;
INSERT INTO `question_tbl` VALUES (1,'練習問題１','練習問題１です\r\n変更',1,1,11,'2023-03-10 16:57:55','2023-03-10 16:58:23'),(2,'本番用の問題１','本番用の問題１です',0,2,9,'2023-03-10 16:58:52','2023-03-10 16:58:52'),(3,'本番用の問題２','本番用の問題２です',0,2,9,'2023-03-10 16:59:01','2023-03-10 16:59:01'),(4,'公立小学校教員の残業代訴訟 最高裁上告退ける 教員の敗訴確定','長時間労働を強いられたのに残業代が支払われないのは違法だとして、埼玉県内の公立小学校の教諭が、県に時間外勤務の賃金などの支払いを求めた裁判で、最高裁判所は上告を退け教諭の敗訴が確定しました。\r\n埼玉県内の公立小学校に勤務する60代の男性教諭は、時間外勤務をしたのに残業代が支払われないのは違法だと主張して、未払いの賃金を支払うよう県に求めました。公立学校の教職員の給与は、月給の4％分が上乗せされる代わりに、残業代は支給されないことが「給特法」という法律で定められていますが、教諭は「実態に合っていない」と訴えていました。1審のさいたま地方裁判所は「残業しないと業務が終わらない状況が常態化していたとはいえない」と判断して訴えは退けましたが「多くの教員が一定の時間外勤務に従事せざるをえない状況で、法律が教育現場の実情に合っていないのではないかと思わざるをえない」と指摘し、法律や給与体系の見直しなどの必要性に言及しました。\r\n2審の東京高等裁判所も訴えを退け、教諭は不服として上告していましたが、最高裁判所第2小法廷の岡村和美裁判長は10日までに退ける決定をし、敗訴が確定しました。教員の働き方の問題を問いかけた裁判で、司法の判断が注目されましたが、訴えは認められませんでした。「給特法」をめぐって文部科学省は去年、有識者会議を設置し、今後、見直しについて議論する方針です。',1,1,588,'2023-03-10 19:14:44','2023-03-10 19:14:44'),(5,'公立小学校教員の残業代訴訟 最高裁上告退ける 教員の敗訴確定','長時間労働を強いられたのに残業代が支払われないのは違法だとして、埼玉県内の公立小学校の教諭が、県に時間外勤務の賃金などの支払いを求めた裁判で、最高裁判所は上告を退け教諭の敗訴が確定しました。\r\n埼玉県内の公立小学校に勤務する60代の男性教諭は、時間外勤務をしたのに残業代が支払われないのは違法だと主張して、未払いの賃金を支払うよう県に求めました。公立学校の教職員の給与は、月給の4％分が上乗せされる代わりに、残業代は支給されないことが「給特法」という法律で定められていますが、教諭は「実態に合っていない」と訴えていました。1審のさいたま地方裁判所は「残業しないと業務が終わらない状況が常態化していたとはいえない」と判断して訴えは退けましたが「多くの教員が一定の時間外勤務に従事せざるをえない状況で、法律が教育現場の実情に合っていないのではないかと思わざるをえない」と指摘し、法律や給与体系の見直しなどの必要性に言及しました。\r\n2審の東京高等裁判所も訴えを退け、教諭は不服として上告していましたが、最高裁判所第2小法廷の岡村和美裁判長は10日までに退ける決定をし、敗訴が確定しました。教員の働き方の問題を問いかけた裁判で、司法の判断が注目されましたが、訴えは認められませんでした。「給特法」をめぐって文部科学省は去年、有識者会議を設置し、今後、見直しについて議論する方針です。',1,1,588,'2023-03-10 19:14:54','2023-03-10 19:14:54'),(6,'インフルエンザ3週連続減少も「注意報レベル」6週連続で上回る','全国のインフルエンザの患者数は今月5日までの1週間では、推計でおよそ28万9000人と3週連続で前の週より減少しました。ただ、1医療機関当たりの患者数は大きな流行が起きる可能性があるとされる「注意報レベル」の水準を6週連続で上回っていて、専門家は引き続き注意を呼びかけています。国立感染症研究所などによりますと、今月5日までの1週間に全国およそ5000か所の医療機関から報告されたインフルエンザの患者数は、前の週から5638人減って5万235人でした。1医療機関当たりの1週間の患者数は10.17人で3週連続で前の週より減少したものの「注意報レベル」の水準の10人を6週連続で上回っています。また、ここから推計される全国の1週間の患者数はおよそ28万9000人となっています。',0,2,338,'2023-03-10 19:16:42','2023-03-10 19:16:42'),(7,'日本経済の再生　次世代担う人への投資を','社説：日本経済の再生 次世代担う人への投資を\r\n国力低下の表れではないか。昨年の歴史的な円安と物価高は国民生活や企業活動を直撃し、日本経済のもろさを浮き彫りにした。\r\nウクライナ危機に伴うエネルギー価格の高騰で、輸入額が急拡大した。一方「メード・イン・ジャパン」の売り物は乏しく、貿易赤字は過去最大に膨らんでいる。経済政策や産業のあり方を根本から問い直す時期に来ている。\r\nバブル経済の崩壊以降、日本は長らく低成長とデフレにあえいできた。「失われた２０年」にどう対応すべきか。鳴り物入りで登場したのがアベノミクスだった。\r\n２０１２年末の政権交代後、当時の安倍晋三首相は「最大かつ喫緊の課題は経済の再生」と訴えた。大胆な金融政策、機動的な財政政策、民間投資を喚起する成長戦略という「三本の矢」で経済を立て直す考えを表明した。\r\n中核となったのが、市場に大量のマネーを流し込む異次元の金融緩和だ。日銀の黒田東彦総裁は「２年程度で２％の物価安定目標を達成できる」と豪語した。\r\n円安と株高を演出し、グローバル企業の業績を押し上げたのは確かだ。しかし、企業は稼いだ利益で内部留保を積み上げ、成長を求めて海外への投資に力を注いだ。\r\n産業空洞化の流れは止まらず、経済の好循環は実現していない。とりわけ問題なのは、恩恵が大企業や富裕層などに偏り、幅広い働き手に及んでいない点だ。\r\n賃金は伸び悩み、非正規労働者は増え続けた。企業は２０００万人を超える非正規を、雇用の調整弁にしている。\r\n異次元の緩和が、財政規律を失わせていることも見逃せない。\r\n新型コロナウイルスの感染拡大を受け、政府は景気対策を繰り返し、国債発行額は、２０年度に１００兆円を超えた。超低金利で、利払い費が抑えられてきたことが背景にある。防衛費も大幅に増額し、異次元の財政悪化を招いている。\r\nもはやアベノミクスの限界は明らかだ。金融政策を見直し、財政運営を正常化すべきだ。そのうえで、日本経済を支える新たな産業の創出を急ぐ必要がある。\r\n求められるのは、地球規模の課題に取り組み、ライフスタイルを変えるような事業への挑戦だ。\r\nソニーグループは、ホンダと組み、環境車として本命視される電気自動車の開発に乗り出した。２５年に最初の車を発売する。\r\n合弁会社の社長には、ゲーム機や犬型ロボット、携帯電話などの開発に携わってきた人材を起用した。音楽や映像、センサーなど多分野の技術を結集し、「移動空間をエンターテインメントの空間にする」ことを目指す。',1,1,1053,'2023-05-18 18:37:24','2023-05-19 08:52:12'),(8,'テスト問題１','テスト問題１',0,1,6,'2023-07-26 13:43:53','2023-07-26 13:43:53'),(9,'タイピング練習１','近年、技術の進化は驚異的な速さで進んでおり、私たちの日常生活や教育にも大きな影響を与えています。未来の教育は、これらの技術を活用することで大きく変わるでしょう。様々な新しい学習方法が生まれ、教育の効果が飛躍的に向上する可能性があります。\r\nまず、人工知能（ＡＩ）の活用が挙げられます。ＡＩは、個々の生徒の学習レベルやペースに合わせたカリキュラムを提供することができます。教師が多様な学習スタイルに対応するのは大変な作業ですが、ＡＩなら個別のニーズに応じた指導を自動的に行えます。これにより、生徒一人ひとりの成績向上が期待できます。',0,2,265,'2023-07-26 14:18:10','2023-07-26 14:24:11'),(11,'タイピング練習２','近年、技術の進化は驚異的な速さで進んでおり、私たちの日常生活や教育にも大きな影響を与えています。未来の教育は、これらの技術を活用することで大きく変わるでしょう。様々な新しい学習方法が生まれ、教育の効果が飛躍的に向上する可能性があります。\r\nまず、人工知能（ＡＩ）の活用が挙げられます。ＡＩは、個々の生徒の学習レベルやペースに合わせたカリキュラムを提供することができます。教師が多様な学習スタイルに対応するのは大変な作業ですが、ＡＩなら個別のニーズに応じた指導を自動的に行えます。これにより、生徒一人ひとりの成績向上が期待できます。\r\n次に、バーチャルリアリティ（ＶＲ）と拡張現実（ＡＲ）が教育現場に革命をもたらすでしょう。ＶＲとＡＲを活用すれば、歴史上の偉人と直接対話したり、遠くの場所に仮想旅行したりできます。これにより、教科書だけでは得られなかったようなリアルな体験が可能になります。学びがより身近で魅力的なものとなるでしょう。\r\nさらに、オンライン教育の普及も未来の教育を変える一因となるでしょう。地理的な制約を超えて優れた教育を受けることができます。世界中の専門家がオンライン上で講義を行い、生徒たちは多様な知識と視点に触れることができます。また、インタラクティブなオンラインプラットフォームにより、生徒同士のディスカッションや情報交換も活発化するでしょう。\r\nしかし、技術を活用した未来の教育には注意すべき点もあります。例えば、デジタルデバイスへの依存が増すことで、情報過多になり集中力が低下する可能性があります。そのため、適切な時間管理とデジタルリテラシーの教育が重要となります。\r\nさらに、技術の進化によって一部の教師の役割が変化する可能性も考えられます。教師は依然として重要な存在であり、技術を補完し、人間らしい温かみや指導力を提供する役割を果たすことが求められるでしょう。\r\n未来の教育は確実に変わるものの、人間と技術の共存が重要です。技術は教育をより効果的にし、学びをより楽しく魅力的なものにする力を持っています。しかし、教育の本質は人間の成長と発展にあります。技術をうまく活用しながら、生徒一人ひとりの個性を大切にする教育が求められるのです。',0,5,932,'2023-07-26 14:26:09','2023-07-26 14:26:09'),(12,'タイピング練習３','青い空に包まれた旅立ちの朝、少年は胸を躍らせながらリュックを背負い、駅へと向かっていた。今日から彼は高校生として新しい世界に飛び立つのだ。別れの寂しさを感じながらも、新しい友達や知識、経験に胸を膨らませていた。\r\n電車が駅に到着し、少年は新しいクラスメイトと挨拶を交わす。彼らとは初めての出会いだが、共通の目標で結ばれることを感じた。高校生活がスタートする瞬間に、彼は自らに誓いを立てた。「新しい友情を育み、知識を吸収し、成長していく。」\r\n新しい学校生活は順調に進んでいった。授業やクラブ活動、友達との交流に忙しい日々だが、彼はタイピングスキルを向上させることを決めた。情報化社会で必須となるタイピングは、彼の成長を後押しする力となるだろう。\r\n学校の図書館で、彼はパソコンを借りてタイピングの練習を始めた。最初は戸惑いもあったが、コツをつかむにつれて段々と速く正確にタイピングできるようになっていった。その成長に喜びを感じながら、彼はますます熱中していった。\r\nテストやレポート作成、メールのやり取りなど、日常生活でタイピングの重要性を実感する。スマートフォンやパソコンが身近な存在となった現代社会では、情報を効率的に伝えるためにもタイピングは欠かせないスキルとなっている。\r\n成績も上昇し、友達とのコミュニケーションもスムーズになり、彼の自信にもつながっていった。しかし、おごることなく謙虚さを忘れず、自己啓発を続けることを決めた。知識やスキルは果てしなく広がる海のようだと感じたからだ。\r\n時が経ち、彼は高校生活の最後の日を迎えた。振り返れば、初めての日からたくさんの成長があった。タイピングスキルを身に付けることで、より多くの情報に触れ、自分を表現する力を手に入れた。\r\n高校生活で培った経験とタイピングのスキルを武器に、彼は次のステージへと進む準備をする。大学や社会で新たな挑戦が待っているが、彼は過去の自分と向き合い、未来への希望を抱きながら歩き出すのだった。\r\n彼の旅立ちの朝は遠い記憶となり、新たな門出が彼を待っている。未知の世界への興奮と不安を胸に、彼は前へと進む。そして、ふと思い出した。タイピングの練習を始めたあの日の自分と出会えたことに感謝を込めて。\r\n「ありがとう。これからも成長し続ける。」\r\n彼はそう固く誓ったのである。',0,5,976,'2023-07-26 14:28:28','2023-07-26 14:28:28');
/*!40000 ALTER TABLE `question_tbl` ENABLE KEYS */;
UNLOCK TABLES;

--
-- Table structure for table `user_tbl`
--

DROP TABLE IF EXISTS `user_tbl`;
/*!40101 SET @saved_cs_client     = @@character_set_client */;
 SET character_set_client = utf8mb4 ;
CREATE TABLE `user_tbl` (
  `uid` int(11) NOT NULL AUTO_INCREMENT,
  `mail` varchar(256) NOT NULL COMMENT 'メールアドレス\nログインアカウント',
  `password` varchar(256) NOT NULL,
  `name` varchar(256) NOT NULL COMMENT '名前',
  `disp_name` varchar(256) NOT NULL COMMENT '表示名',
  `affiliation` varchar(256) DEFAULT NULL COMMENT '所属\n学校名やクラス名など',
  `role` int(11) NOT NULL COMMENT '役割\n0:学生\n1:管理者',
  `del_flg` int(11) NOT NULL COMMENT '削除フラグ',
  PRIMARY KEY (`uid`)
) ENGINE=InnoDB AUTO_INCREMENT=78 DEFAULT CHARSET=utf8mb4 COLLATE=utf8mb4_0900_ai_ci;
/*!40101 SET character_set_client = @saved_cs_client */;

--
-- Dumping data for table `user_tbl`
--

LOCK TABLES `user_tbl` WRITE;
/*!40000 ALTER TABLE `user_tbl` DISABLE KEYS */;
INSERT INTO `user_tbl` VALUES (1,'nishino@asojuku.ac.jp','ad19081ee19c812af599f5b183b90dab','西野　直幸','西野','教員',1,0),(2,'0000000@asojuku.ac.jp','77010e230806c630508d317fd42118fa','テストユーザー1　太郎','テスト1さん','テストユーザー',0,0),(3,'0000001@asojuku.ac.jp','9836a710f92f6e0124ed6e945d43ccfe','テストユーザー2　太郎','テスト2さん','テストユーザー',0,0),(4,'0000002@asojuku.ac.jp','6ab83f639adf9e148aa52f8f5b9d6b8b','テストユーザー3　太郎','テスト3さん','テストユーザー',0,0),(5,'0000003@asojuku.ac.jp','18e1fccfea0e4b865f565e4988804ba3','テストユーザー4　太郎','テスト4さん','テストユーザー',0,0),(6,'0000004@asojuku.ac.jp','d63edd8f744c2eacaf6560a6a8931ce2','テストユーザー5　太郎','テスト5さん','テストユーザー',0,0),(7,'0000005@asojuku.ac.jp','cc73bce004ebc4831ca9371a66245fcb','テストユーザー6　太郎','テスト6さん','テストユーザー',0,0),(8,'0000006@asojuku.ac.jp','667047fba5426452577319ba6fb823c2','テストユーザー7　太郎','テスト7さん','テストユーザー',0,0),(9,'0000007@asojuku.ac.jp','fb1b1792d89271ce18c25b9ad5efc228','テストユーザー8　太郎','テスト8さん','テストユーザー',0,0),(10,'0000008@asojuku.ac.jp','a1ef364768d8060715b5f25ae414694e','テストユーザー9　太郎','テスト9さん','テストユーザー',0,0),(11,'0000009@asojuku.ac.jp','ddeb312037d0eb697f5430d8e9b602f1','テストユーザー10　太郎','テスト10さん','テストユーザー',0,0),(12,'0000001@s.asojuku.ac.jp','95f2e301dd38dd06a415631f86e9fff1','テストユーザーS1　太郎','テストS1さん','Sテストユーザー',0,0),(13,'0000002@s.asojuku.ac.jp','29b7410f092e8bd7c2b31ceb67389f39','テストユーザーS2　太郎','テストS2さん','Sテストユーザー',0,0),(14,'0000003@s.asojuku.ac.jp','c5100e49396ef50db3556e1bbd7262a7','テストユーザーS3　太郎','テストS3さん','Sテストユーザー',0,0),(15,'2201571@s.asojuku.ac.jp','3e5556e12bcfb140188d19bea6132dc6','岩岡　璃桜','岩岡　璃桜','テストユーザー',0,0),(16,'2201572@s.asojuku.ac.jp','1469062cf9f0d132dfd217e98e0d2d93','VU THI DUNG','VU THI DUNG','テストユーザー',0,0),(17,'2201573@s.asojuku.ac.jp','7db74f37e1ad56ce7b99225609532950','大隈　渚月','大隈　渚月','テストユーザー',0,0),(18,'2201574@s.asojuku.ac.jp','da5912cd375044880c11d4f968d8b842','太田　翼','太田　翼','テストユーザー',0,0),(19,'2201607@s.asojuku.ac.jp','6131c898925f06a896a9affa22c3ac73','大塚　瑠璃','大塚　瑠璃','テストユーザー',0,0),(20,'2201575@s.asojuku.ac.jp','dd226b3d11f281c6b34341c507ea8813','大野　航聖','大野　航聖','テストユーザー',0,0),(21,'2201608@s.asojuku.ac.jp','9a05ae91389a46e63b698d47aec38f0d','岡元　駿弥','岡元　駿弥','テストユーザー',0,0),(22,'2201576@s.asojuku.ac.jp','51e5081ae802d67bc34d6254f74aaf8c','春日　宏啓','春日　宏啓','テストユーザー',0,0),(23,'2201577@s.asojuku.ac.jp','d9260b669d4bbdda11030076538555ba','川島　愛央','川島　愛央','テストユーザー',0,0),(24,'2201609@s.asojuku.ac.jp','f8de88760ee2e0b607b774823bd211ae','倉富　裕大','倉富　裕大','テストユーザー',0,0),(25,'2201605@s.asojuku.ac.jp','09fcbb8ba1b4c20d0cef9cd7dd17a062','HOU YUTONG','HOU YUTONG','テストユーザー',0,0),(26,'2201578@s.asojuku.ac.jp','53b1bec007c81deb09e2122058763dc5','河渕　和輝','河渕　和輝','テストユーザー',0,0),(27,'2201579@s.asojuku.ac.jp','ea8df9fb863a272e95ddf291937cfd41','兒玉　稜','兒玉　稜','テストユーザー',0,0),(28,'2201580@s.asojuku.ac.jp','39e4d23d9f5470bab23317a03a414b85','近藤　沙紀','近藤　沙紀','テストユーザー',0,0),(29,'2201581@s.asojuku.ac.jp','c712e983c182d9b7ac8b01952c52dbf0','酒井　那帆','酒井　那帆','テストユーザー',0,0),(30,'2101163@s.asojuku.ac.jp','ab163faf11932e7e00b07bb487abb4e1','指出　拓紀','指出　拓紀','テストユーザー',0,0),(31,'2201582@s.asojuku.ac.jp','a5737d9fdd64df61f8f2544c4fe7ee5a','佐野　宏樹','佐野　宏樹','テストユーザー',0,0),(32,'2201584@s.asojuku.ac.jp','00080d695b94924b2c99c4b0305b8aa6','下道　悠','下道　悠','テストユーザー',0,0),(33,'2201586@s.asojuku.ac.jp','bd29925aa8efbf845277ccba6d679d1d','滝本　光里','滝本　光里','テストユーザー',0,0),(34,'2201587@s.asojuku.ac.jp','30cd0df996b2f99a2ac9fd85f039892b','田島　芽衣','田島　芽衣','テストユーザー',0,0),(35,'2201588@s.asojuku.ac.jp','7840611455a19803486235d4bf3cf0d0','谷口　修一','谷口　修一','テストユーザー',0,0),(36,'2201589@s.asojuku.ac.jp','c57ad4dfaac4e9e709c47e44c3e89e6a','德重　理沙','德重　理沙','テストユーザー',0,0),(37,'2201590@s.asojuku.ac.jp','2a0e2821c74e26e7f5c3cd528a9f9edb','德田　陸','德田　陸','テストユーザー',0,0),(38,'2201591@s.asojuku.ac.jp','d4d4d01db2ab6673a0622cc5ee2f7cb0','砥綿　夕空','砥綿　夕空','テストユーザー',0,0),(39,'2201592@s.asojuku.ac.jp','fd7b72ba481f85f55e56e15a24d5a21a','中上　太陽','中上　太陽','テストユーザー',0,0),(40,'2201593@s.asojuku.ac.jp','aabda5d19a23633aea9c3d9a32c29de8','仲間　修斗','仲間　修斗','テストユーザー',0,0),(41,'2201594@s.asojuku.ac.jp','abca2c19e23c5af153abdd8c7cacd994','中村　友祐','中村　友祐','テストユーザー',0,0),(42,'2201595@s.asojuku.ac.jp','5cf80d8d165d76bd6a3e08560ae20fcb','中山　千咲','中山　千咲','テストユーザー',0,0),(43,'2201596@s.asojuku.ac.jp','fb7d3ba413095a72a13be9555b04ae12','藤木　彩愛','藤木　彩愛','テストユーザー',0,0),(44,'2201612@s.asojuku.ac.jp','8b5a0363f34539ef1f8843ef4a48e3fa','堀　優弥','堀　優弥','テストユーザー',0,0),(45,'2201597@s.asojuku.ac.jp','da5bd2123e0d7f38358a537bc6b37054','松本　愛加','松本　愛加','テストユーザー',0,0),(46,'2201598@s.asojuku.ac.jp','899edbb44bebd724ab3be8f0d34c710f','松本　彪','松本　彪','テストユーザー',0,0),(47,'2201613@s.asojuku.ac.jp','558aa91996a02a731903be587bdc564d','南　昌志','南　昌志','テストユーザー',0,0),(48,'2201615@s.asojuku.ac.jp','f99b0496d250e8b151c7d0cbc2ce739c','宮原　涼','宮原　涼','テストユーザー',0,0),(49,'2201599@s.asojuku.ac.jp','04073e6c244e53dd60958774bd20c1f5','本山　健太','本山　健太','テストユーザー',0,0),(50,'2201600@s.asojuku.ac.jp','ddbbc4529d3d96cbffb47569febff612','森川　疾斗','森川　疾斗','テストユーザー',0,0),(51,'2201601@s.asojuku.ac.jp','2fa71e7bcb579b309a20316f191bd922','森山　美月','森山　美月','テストユーザー',0,0),(52,'2201602@s.asojuku.ac.jp','8b99e58cfb05efaff5b08e188fc97114','柳生　朔夜','柳生　朔夜','テストユーザー',0,0),(53,'2201603@s.asojuku.ac.jp','4a883fd0c63535b8ab58737ea024c91a','柳本　璃玖','柳本　璃玖','テストユーザー',0,0),(54,'2201604@s.asojuku.ac.jp','0ab331ff2312235b7570171fb3529dbd','吉積　蓮','吉積　蓮','テストユーザー',0,0),(55,'tamamis@asojuku.ac.jp','229068d56bd078ab00b5e7e21a5ac6df','下仮屋　珠美','下仮屋先生','教員',1,0),(56,'2201531@s.asojuku.ac.jp','4c05da3c33915fbc25de136e0ff891c5','安部　衣織','安部　衣織','テストユーザー',0,0),(57,'2201532@s.asojuku.ac.jp','48f10be9e1835132950f640c7243f757','岩尾　春香','岩尾　春香','テストユーザー',0,0),(58,'2201533@s.asojuku.ac.jp','42d5df25f41e32f1b7abc91b6aa9ba88','宇戸　花楓','宇戸　花楓','テストユーザー',0,0),(59,'2201550@s.asojuku.ac.jp','d5051011e9cb8a87fffe6b505a39b862','小水　能煕','小水　能煕','テストユーザー',0,0),(60,'2201534@s.asojuku.ac.jp','6423be442f2f8994f3a31813fe7209d1','財津　琉那','財津　琉那','テストユーザー',0,0),(61,'2201552@s.asojuku.ac.jp','dae315f8b324bd223bd49c535bc022f9','坂本　三奈','坂本　三奈','テストユーザー',0,0),(62,'2201535@s.asojuku.ac.jp','6379c386c83f3b1868806a67e8557d91','柴田　涼花','柴田　涼花','テストユーザー',0,0),(63,'2201536@s.asojuku.ac.jp','4c74163a1439bba390eab856e43c96e9','駄道　祐作','駄道　祐作','テストユーザー',0,0),(64,'2201553@s.asojuku.ac.jp','c96eb25d7de1fd5700dd60577cb577e9','照屋　大陽','照屋　大陽','テストユーザー',0,0),(65,'2201537@s.asojuku.ac.jp','3a03be1ffb6df0c0f9a3008563adffc1','中山　和香','中山　和香','テストユーザー',0,0),(66,'2201538@s.asojuku.ac.jp','479138eb0caa646f900551d69b8a2a85','平塚　慎太郎','平塚　慎太郎','テストユーザー',0,0),(67,'2201539@s.asojuku.ac.jp','1263f2da8b856ed9936add324665907c','福島　未唯','福島　未唯','テストユーザー',0,0),(68,'2201554@s.asojuku.ac.jp','8be75bb4af46e60165650fe137df130b','本田　花鈴','本田　花鈴','テストユーザー',0,0),(69,'2201540@s.asojuku.ac.jp','48df20d8240c844e0c4b13d57a8c64cd','本田　祐香','本田　祐香','テストユーザー',0,0),(70,'2201542@s.asojuku.ac.jp','5c310f71123118f2eae2a904ef12087b','松尾　奈々未','松尾　奈々未','テストユーザー',0,0),(71,'2201543@s.asojuku.ac.jp','b2c602204c2e822a84a6db63c9525612','三浦　真生','三浦　真生','テストユーザー',0,0),(72,'2201544@s.asojuku.ac.jp','adb9674251a07609d08ed07c165ce60d','溝上　晴紀','溝上　晴紀','テストユーザー',0,0),(73,'2201545@s.asojuku.ac.jp','5715622e29fd3fb56c35d10eae842b1a','本山　雄登','本山　雄登','テストユーザー',0,0),(74,'2201546@s.asojuku.ac.jp','af4ff87f01b1d43c10eb5a2ff39512f2','森田　悠希','森田　悠希','テストユーザー',0,0),(75,'2201547@s.asojuku.ac.jp','98e554e599a3fdd7924540554071fd48','山下　なつみ','山下　なつみ','テストユーザー',0,0),(76,'2201548@s.asojuku.ac.jp','08a82076f6945cccea6fc34d6e6febdb','山戸　はな','山戸　はな','テストユーザー',0,0),(77,'2201549@s.asojuku.ac.jp','bfa08eef668bc2e8f8b030efec9877a6','横山　愛音','横山　愛音','テストユーザー',0,0);
/*!40000 ALTER TABLE `user_tbl` ENABLE KEYS */;
UNLOCK TABLES;
/*!40103 SET TIME_ZONE=@OLD_TIME_ZONE */;

/*!40101 SET SQL_MODE=@OLD_SQL_MODE */;
/*!40014 SET FOREIGN_KEY_CHECKS=@OLD_FOREIGN_KEY_CHECKS */;
/*!40014 SET UNIQUE_CHECKS=@OLD_UNIQUE_CHECKS */;
/*!40101 SET CHARACTER_SET_CLIENT=@OLD_CHARACTER_SET_CLIENT */;
/*!40101 SET CHARACTER_SET_RESULTS=@OLD_CHARACTER_SET_RESULTS */;
/*!40101 SET COLLATION_CONNECTION=@OLD_COLLATION_CONNECTION */;
/*!40111 SET SQL_NOTES=@OLD_SQL_NOTES */;

-- Dump completed on 2023-08-03 14:13:22
